<?xml version="1.0" encoding="UTF-8"?>
<kml xmlns="http://www.opengis.net/kml/2.2">
  <Document>
    <name>Certificado de Residencia Ñuñoa, Junta de Vecinos</name>
    <description>www.unconunoa.cl Contáctate con tu junta de vecinos o con la Unión Comunal de Ñuñoa para Certificado de Residencia.</description>
    <Style id="icon-1591-0288D1-labelson">
      <IconStyle>
        <color>ffd18802</color>
        <scale>1</scale>
        <Icon>
          <href>https://www.gstatic.com/mapspro/images/stock/503-wht-blank_maps.png</href>
        </Icon>
      </IconStyle>
    </Style>
    <Style id="icon-1591-FF5252-labelson">
      <IconStyle>
        <color>ff5252ff</color>
        <scale>1</scale>
        <Icon>
          <href>https://www.gstatic.com/mapspro/images/stock/503-wht-blank_maps.png</href>
        </Icon>
      </IconStyle>
    </Style>
    <Style id="icon-1659-0288D1-labelson">
      <IconStyle>
        <color>ffd18802</color>
        <scale>1</scale>
        <Icon>
          <href>https://www.gstatic.com/mapspro/images/stock/503-wht-blank_maps.png</href>
        </Icon>
      </IconStyle>
    </Style>
    <Style id="icon-1899-0288D1-labelson">
      <IconStyle>
        <color>ffd18802</color>
        <scale>1</scale>
        <Icon>
          <href>https://www.gstatic.com/mapspro/images/stock/503-wht-blank_maps.png</href>
        </Icon>
        <hotSpot x="32" xunits="pixels" y="64" yunits="insetPixels"/>
      </IconStyle>
    </Style>
    <Style id="line-0288D1-1388-nodesc-normal">
      <LineStyle>
        <color>ffd18802</color>
        <width>1.388</width>
      </LineStyle>
      <BalloonStyle>
        <text><![CDATA[<h3>$[name]</h3>]]></text>
      </BalloonStyle>
    </Style>
    <Style id="line-0288D1-1388-nodesc-highlight">
      <LineStyle>
        <color>ffd18802</color>
        <width>2.082</width>
      </LineStyle>
      <BalloonStyle>
        <text><![CDATA[<h3>$[name]</h3>]]></text>
      </BalloonStyle>
    </Style>
    <StyleMap id="line-0288D1-1388-nodesc">
      <Pair>
        <key>normal</key>
        <styleUrl>#line-0288D1-1388-nodesc-normal</styleUrl>
      </Pair>
      <Pair>
        <key>highlight</key>
        <styleUrl>#line-0288D1-1388-nodesc-highlight</styleUrl>
      </Pair>
    </StyleMap>
    <Style id="poly-0097A7-1200-77-normal">
      <LineStyle>
        <color>ffa79700</color>
        <width>1.2</width>
      </LineStyle>
      <PolyStyle>
        <color>4da79700</color>
        <fill>1</fill>
        <outline>1</outline>
      </PolyStyle>
    </Style>
    <Style id="poly-0097A7-1200-77-highlight">
      <LineStyle>
        <color>ffa79700</color>
        <width>1.8</width>
      </LineStyle>
      <PolyStyle>
        <color>4da79700</color>
        <fill>1</fill>
        <outline>1</outline>
      </PolyStyle>
    </Style>
    <StyleMap id="poly-0097A7-1200-77">
      <Pair>
        <key>normal</key>
        <styleUrl>#poly-0097A7-1200-77-normal</styleUrl>
      </Pair>
      <Pair>
        <key>highlight</key>
        <styleUrl>#poly-0097A7-1200-77-highlight</styleUrl>
      </Pair>
    </StyleMap>
    <Style id="poly-3949AB-1200-77-normal">
      <LineStyle>
        <color>ffab4939</color>
        <width>1.2</width>
      </LineStyle>
      <PolyStyle>
        <color>4dab4939</color>
        <fill>1</fill>
        <outline>1</outline>
      </PolyStyle>
    </Style>
    <Style id="poly-3949AB-1200-77-highlight">
      <LineStyle>
        <color>ffab4939</color>
        <width>1.8</width>
      </LineStyle>
      <PolyStyle>
        <color>4dab4939</color>
        <fill>1</fill>
        <outline>1</outline>
      </PolyStyle>
    </Style>
    <StyleMap id="poly-3949AB-1200-77">
      <Pair>
        <key>normal</key>
        <styleUrl>#poly-3949AB-1200-77-normal</styleUrl>
      </Pair>
      <Pair>
        <key>highlight</key>
        <styleUrl>#poly-3949AB-1200-77-highlight</styleUrl>
      </Pair>
    </StyleMap>
    <Style id="poly-795548-1200-77-normal">
      <LineStyle>
        <color>ff485579</color>
        <width>1.2</width>
      </LineStyle>
      <PolyStyle>
        <color>4d485579</color>
        <fill>1</fill>
        <outline>1</outline>
      </PolyStyle>
    </Style>
    <Style id="poly-795548-1200-77-highlight">
      <LineStyle>
        <color>ff485579</color>
        <width>1.8</width>
      </LineStyle>
      <PolyStyle>
        <color>4d485579</color>
        <fill>1</fill>
        <outline>1</outline>
      </PolyStyle>
    </Style>
    <StyleMap id="poly-795548-1200-77">
      <Pair>
        <key>normal</key>
        <styleUrl>#poly-795548-1200-77-normal</styleUrl>
      </Pair>
      <Pair>
        <key>highlight</key>
        <styleUrl>#poly-795548-1200-77-highlight</styleUrl>
      </Pair>
    </StyleMap>
    <Style id="poly-7CB342-1200-77-normal">
      <LineStyle>
        <color>ff42b37c</color>
        <width>1.2</width>
      </LineStyle>
      <PolyStyle>
        <color>4d42b37c</color>
        <fill>1</fill>
        <outline>1</outline>
      </PolyStyle>
    </Style>
    <Style id="poly-7CB342-1200-77-highlight">
      <LineStyle>
        <color>ff42b37c</color>
        <width>1.8</width>
      </LineStyle>
      <PolyStyle>
        <color>4d42b37c</color>
        <fill>1</fill>
        <outline>1</outline>
      </PolyStyle>
    </Style>
    <StyleMap id="poly-7CB342-1200-77">
      <Pair>
        <key>normal</key>
        <styleUrl>#poly-7CB342-1200-77-normal</styleUrl>
      </Pair>
      <Pair>
        <key>highlight</key>
        <styleUrl>#poly-7CB342-1200-77-highlight</styleUrl>
      </Pair>
    </StyleMap>
    <Style id="poly-9C27B0-1200-77-normal">
      <LineStyle>
        <color>ffb0279c</color>
        <width>1.2</width>
      </LineStyle>
      <PolyStyle>
        <color>4db0279c</color>
        <fill>1</fill>
        <outline>1</outline>
      </PolyStyle>
    </Style>
    <Style id="poly-9C27B0-1200-77-highlight">
      <LineStyle>
        <color>ffb0279c</color>
        <width>1.8</width>
      </LineStyle>
      <PolyStyle>
        <color>4db0279c</color>
        <fill>1</fill>
        <outline>1</outline>
      </PolyStyle>
    </Style>
    <StyleMap id="poly-9C27B0-1200-77">
      <Pair>
        <key>normal</key>
        <styleUrl>#poly-9C27B0-1200-77-normal</styleUrl>
      </Pair>
      <Pair>
        <key>highlight</key>
        <styleUrl>#poly-9C27B0-1200-77-highlight</styleUrl>
      </Pair>
    </StyleMap>
    <Style id="poly-C2185B-1200-77-normal">
      <LineStyle>
        <color>ff5b18c2</color>
        <width>1.2</width>
      </LineStyle>
      <PolyStyle>
        <color>4d5b18c2</color>
        <fill>1</fill>
        <outline>1</outline>
      </PolyStyle>
    </Style>
    <Style id="poly-C2185B-1200-77-highlight">
      <LineStyle>
        <color>ff5b18c2</color>
        <width>1.8</width>
      </LineStyle>
      <PolyStyle>
        <color>4d5b18c2</color>
        <fill>1</fill>
        <outline>1</outline>
      </PolyStyle>
    </Style>
    <StyleMap id="poly-C2185B-1200-77">
      <Pair>
        <key>normal</key>
        <styleUrl>#poly-C2185B-1200-77-normal</styleUrl>
      </Pair>
      <Pair>
        <key>highlight</key>
        <styleUrl>#poly-C2185B-1200-77-highlight</styleUrl>
      </Pair>
    </StyleMap>
    <Style id="poly-F57C00-1200-77-normal">
      <LineStyle>
        <color>ff007cf5</color>
        <width>1.2</width>
      </LineStyle>
      <PolyStyle>
        <color>4d007cf5</color>
        <fill>1</fill>
        <outline>1</outline>
      </PolyStyle>
    </Style>
    <Style id="poly-F57C00-1200-77-highlight">
      <LineStyle>
        <color>ff007cf5</color>
        <width>1.8</width>
      </LineStyle>
      <PolyStyle>
        <color>4d007cf5</color>
        <fill>1</fill>
        <outline>1</outline>
      </PolyStyle>
    </Style>
    <StyleMap id="poly-F57C00-1200-77">
      <Pair>
        <key>normal</key>
        <styleUrl>#poly-F57C00-1200-77-normal</styleUrl>
      </Pair>
      <Pair>
        <key>highlight</key>
        <styleUrl>#poly-F57C00-1200-77-highlight</styleUrl>
      </Pair>
    </StyleMap>
    <Style id="poly-FFEA00-1200-77-normal">
      <LineStyle>
        <color>ff00eaff</color>
        <width>1.2</width>
      </LineStyle>
      <PolyStyle>
        <color>4d00eaff</color>
        <fill>1</fill>
        <outline>1</outline>
      </PolyStyle>
    </Style>
    <Style id="poly-FFEA00-1200-77-highlight">
      <LineStyle>
        <color>ff00eaff</color>
        <width>1.8</width>
      </LineStyle>
      <PolyStyle>
        <color>4d00eaff</color>
        <fill>1</fill>
        <outline>1</outline>
      </PolyStyle>
    </Style>
    <StyleMap id="poly-FFEA00-1200-77">
      <Pair>
        <key>normal</key>
        <styleUrl>#poly-FFEA00-1200-77-normal</styleUrl>
      </Pair>
      <Pair>
        <key>highlight</key>
        <styleUrl>#poly-FFEA00-1200-77-highlight</styleUrl>
      </Pair>
    </StyleMap>
    <Folder>
      <name>Sedes de Juntas de Vecinos</name>
      <Placemark>
        <name>1- Tobalaba</name>
        <description><![CDATA[Sin sede<br><br>juntadevecinostobalaba@gmail.com]]></description>
        <styleUrl>#icon-1659-0288D1-labelson</styleUrl>
        <Point>
          <coordinates>
            -70.5797302,-33.4376783,0
          </coordinates>
        </Point>
      </Placemark>
      <Placemark>
        <name>2- Amapolas</name>
        <description>jvn220042006@hotmail.com</description>
        <styleUrl>#icon-1591-0288D1-labelson</styleUrl>
        <Point>
          <coordinates>
            -70.5803629,-33.4411831,0
          </coordinates>
        </Point>
      </Placemark>
      <Placemark>
        <name>3- Arturo Prat</name>
        <description>Junta de vecinos Arturo Prat. Lunes a viernes de 17 a 20 horas en Natalio Stein 4880.</description>
        <styleUrl>#icon-1591-0288D1-labelson</styleUrl>
        <Point>
          <coordinates>
            -70.5802839,-33.443907,0
          </coordinates>
        </Point>
      </Placemark>
      <Placemark>
        <name>4- Parque Pucará</name>
        <description><![CDATA[Sin sede<br><br>jvparquepucara@gmail.com]]></description>
        <styleUrl>#icon-1659-0288D1-labelson</styleUrl>
        <Point>
          <coordinates>
            -70.5876009,-33.444292,0
          </coordinates>
        </Point>
      </Placemark>
      <Placemark>
        <name>5- Plaza Bremen</name>
        <description><![CDATA[JV 5 Plaza Bremen<br>Llamar <br>M Cecilia Lemus = +569 5728 6801]]></description>
        <styleUrl>#icon-1659-0288D1-labelson</styleUrl>
        <Point>
          <coordinates>
            -70.5770867,-33.4507935,0
          </coordinates>
        </Point>
      </Placemark>
      <Placemark>
        <name>6- Parque Gorostiaga</name>
        <description><![CDATA[Lunes a viernes 16:00 a 19:00 horas.<br> <br>www.facebook.com/juntavecinos.parquegorostiaga<br><br>www.instagram.com/juntavecinos.gorostiaga/<br><br>parque.gorostiaga@gmail.com]]></description>
        <styleUrl>#icon-1591-0288D1-labelson</styleUrl>
        <Point>
          <coordinates>
            -70.5867585,-33.4512669,0
          </coordinates>
        </Point>
      </Placemark>
      <Placemark>
        <name>7 y 18- Consistorial y Plaza Ñuñoa Sur</name>
        <description><![CDATA[Junta de Vecinos n7 Consistorial<br>Junta de Vecinos n18 Plaza Ñuñoa Sur <br><br>Sede Social: <br>Av. Irarrazaval 3601 Local 33 <br>(Plaza Ñuñoa, al lado del Banco Estado, sótano de Fuenzalida Propiedades)<br>Horario Atención Presencial: <br>Lunes y Miércoles de 11:00 a 17:00 hrs <br>Martes y Jueves de 14:00 a 20:00 hrs <br><br>JVV n7 Certificados de Residencia: <br>formato presencial <br>consultas: jvv7consistorial@gmail.com <br><br>JVV n18 Certificados de Residencia: <br>formato via email <br>consultas y emisión: jv18plazanunoa@gmail.com]]></description>
        <styleUrl>#icon-1591-0288D1-labelson</styleUrl>
        <Point>
          <coordinates>
            -70.592998,-33.4553719,0
          </coordinates>
        </Point>
      </Placemark>
      <Placemark>
        <name>8- Irarrázaval</name>
        <description><![CDATA[JV Irarrázaval <br>Unidad Vecinal 8<br><br>Ricardo Lyon 2856-A<br>+56 9 9138 9739<br>Atención martes y jueves 10:30 a 13:00<br><br>Los Certificados de Residencia de los vecinos de la UV 8 se piden al correo:<br>jjvv8irarrazaval@gmail.com]]></description>
        <styleUrl>#icon-1591-0288D1-labelson</styleUrl>
        <Point>
          <coordinates>
            -70.6023679,-33.44725,0
          </coordinates>
        </Point>
      </Placemark>
      <Placemark>
        <name>9- General Sucre 2</name>
        <description><![CDATA[Lunes 11:00 a 13:30, martes 15:00 a 17:30, miércoles 11:00 a 13:30 y 16:00 a 18:30, jueves 11:30 a 14:00 horas y 16:00 a 18:30 horas.<br><br>www.facebook.com/profile.php?id=100007352297404<br><br>jv.general.sucre@gmail.com]]></description>
        <styleUrl>#icon-1591-0288D1-labelson</styleUrl>
        <Point>
          <coordinates>
            -70.6103187,-33.4523726,0
          </coordinates>
        </Point>
      </Placemark>
      <Placemark>
        <name>10- Washington Espejo</name>
        <description><![CDATA[José Manuel Infante 1987 piso 2, Ñuñoa<br><br>www.facebook.com/Junta10Nunoa<br><br>www.instagram.com/junta10nunoa<br><br>juntadevecinos10nunoa@hotmail.com]]></description>
        <styleUrl>#icon-1659-0288D1-labelson</styleUrl>
        <Point>
          <coordinates>
            -70.6184504,-33.4490555,0
          </coordinates>
        </Point>
      </Placemark>
      <Placemark>
        <name>11- Condell</name>
        <description>uvecinal11condell@gmail.com</description>
        <styleUrl>#icon-1591-0288D1-labelson</styleUrl>
        <Point>
          <coordinates>
            -70.6250252,-33.4494236,0
          </coordinates>
        </Point>
      </Placemark>
      <Placemark>
        <name>12- Javiera Carrera</name>
        <description><![CDATA[Lunes y jueves 16:00 a 19:00 horas, martes<br>10:00 a 13:00 hrs., miércoles y viernes<br>11:00 a 13:00 horas.<br><br>www.facebook.com/jjvv.javieracarrera.3<br><br>www.instagram.com/jjvvjavieracarrera12<br><br>unidadvecinaljavieracarrera12@gmail.com]]></description>
        <styleUrl>#icon-1899-0288D1-labelson</styleUrl>
        <Point>
          <coordinates>
            -70.6241265,-33.4563606,0
          </coordinates>
        </Point>
      </Placemark>
      <Placemark>
        <name>13- Suárez Mujica</name>
        <description><![CDATA[Lunes, miércoles y viernes 16:00 a 19:00 horas, martes y jueves 9:00 a 12:00 horas.<br><br>www.facebook.com/people/Junta-De-Vecinos-Su%C3%A1rez-Mujica-%C3%91u%C3%B1oa/100009875899201<br><br>www.facebook.com/groups/1050512298845271/<br><br>jta.vecinos13@gmail.com]]></description>
        <styleUrl>#icon-1591-0288D1-labelson</styleUrl>
        <Point>
          <coordinates>
            -70.6230427,-33.4589062,0
          </coordinates>
        </Point>
      </Placemark>
      <Placemark>
        <name>14- Eusebio Lillo</name>
        <description><![CDATA[JJVV 14, Eusebio Lillo. De lunes a viernes de 10:00 a 13:00 horas. Dirección: Elías de la Cruz 13.<br><br>eusebiolillojjvv@gmail.com]]></description>
        <styleUrl>#icon-1591-0288D1-labelson</styleUrl>
        <Point>
          <coordinates>
            -70.6167795,-33.455331,0
          </coordinates>
        </Point>
      </Placemark>
      <Placemark>
        <name>15- Parque del Deporte</name>
        <description><![CDATA[Lunes a viernes 10:00 a 12:00 horas.<br><br>www.facebook.com/unidadvecinaln15/<br><br>jv15.parquedeldeporte@gmail.com]]></description>
        <styleUrl>#icon-1591-0288D1-labelson</styleUrl>
        <Point>
          <coordinates>
            -70.6170688,-33.4577657,0
          </coordinates>
        </Point>
      </Placemark>
      <Placemark>
        <name>16- Los Tres Antonios</name>
        <description><![CDATA[Sin sede<br><br>No hay información de contacto]]></description>
        <styleUrl>#icon-1659-0288D1-labelson</styleUrl>
        <Point>
          <coordinates>
            -70.603009,-33.456284,0
          </coordinates>
        </Point>
      </Placemark>
      <Placemark>
        <name>17- Villa Alemana</name>
        <description><![CDATA[Los Tres Antonios 868, Ñuñoa<br><br>No hay información de contacto]]></description>
        <styleUrl>#icon-1591-0288D1-labelson</styleUrl>
        <Point>
          <coordinates>
            -70.6038485,-33.4626203,0
          </coordinates>
        </Point>
      </Placemark>
      <Placemark>
        <name>19- Universidad</name>
        <description><![CDATA[Jose Pedro Alessandri #1036<br>jvuniversidad19@gmail.com<br><br>Horario: <br>Lunes/Miércoles/Viernes 16-19h<br>Martes/jueves 11-14h]]></description>
        <styleUrl>#icon-1591-0288D1-labelson</styleUrl>
        <Point>
          <coordinates>
            -70.5980998,-33.4642697,0
          </coordinates>
        </Point>
      </Placemark>
      <Placemark>
        <name>20- Parque Juan XXIII</name>
        <description><![CDATA[Horario de atención Infocentro y Certificados de Residencia:<br><br>Juan Moya Morales 989, Ñuñoa<br><br>Presencial: lunes, martes, miércoles y jueves de 16:00 a 19:00. Viernes de 8:30 a 11:30.<br><br>Online lunes a viernes al mail: juntavecinosnunoa20@gmail.com]]></description>
        <styleUrl>#icon-1591-0288D1-labelson</styleUrl>
        <Point>
          <coordinates>
            -70.5882595,-33.4645424,0
          </coordinates>
        </Point>
      </Placemark>
      <Placemark>
        <name>21- Parque Ramón Cruz</name>
        <description><![CDATA[Irarrázaval 4665 F, Ñuñoa<br><br>Horario de atención<br>- Martes de 11:00 a 13:30 horas.<br>- Miércoles y jueves de 17:00 a 20:00 horas.<br><br><br>Certificados de Residencia<br>Valor $1.500 (solo efectivo)<br><br>Documentos requeridos: cuenta servicios a nombre de quien solicita o bien acreditación de domicilio de la administración respectiva. Cédula de identidad.<br><br>juntavecinosparqueramoncruz@gmail.com]]></description>
        <styleUrl>#icon-1591-0288D1-labelson</styleUrl>
        <Point>
          <coordinates>
            -70.5817179,-33.4548687,0
          </coordinates>
        </Point>
      </Placemark>
      <Placemark>
        <name>22- Contramaestre Micalvi</name>
        <description><![CDATA[Lunes, miércoles y jueves 17:00 a 20:30 horas, <br>martes y viernes 08:00 a 13:00 horas.<br><br>www.facebook.com/UnidadVecinalContramaestreMicalvi<br><br>www.instagram.com/jvcontramaestremicalvi<br><br>juntadevecinosn22@hotmail.com]]></description>
        <styleUrl>#icon-1591-0288D1-labelson</styleUrl>
        <Point>
          <coordinates>
            -70.5793655,-33.4597533,0
          </coordinates>
        </Point>
      </Placemark>
      <Placemark>
        <name>23- Villa Presidente Frei</name>
        <description><![CDATA[Junta de vecinos 23 <br>Villa Presidente Frei <br>Raul Silva castro 4795<br>Horario de atención de lunes a viernes de 15 a 19 horas <br>Correo electrónico <br>jvecinosnunoa@gmail.com]]></description>
        <styleUrl>#icon-1591-0288D1-labelson</styleUrl>
        <Point>
          <coordinates>
            -70.5815453,-33.4651208,0
          </coordinates>
        </Point>
      </Placemark>
      <Placemark>
        <name>24- Villa Los Jardines</name>
        <description><![CDATA[Lunes, martes, jueves y viernes de 17:00 a 20:00 horas.<br><br>www.facebook.com/unidadvecinal.villalosjardinesnunoa.9<br><br>villalosjardinesjv24@gmail.com]]></description>
        <styleUrl>#icon-1591-0288D1-labelson</styleUrl>
        <Point>
          <coordinates>
            -70.5839882,-33.4717863,0
          </coordinates>
        </Point>
      </Placemark>
      <Placemark>
        <name>25- Villa Lo Plaza</name>
        <description><![CDATA[www.facebook.com/juntadevecinos.villaloplaza.3<br><br>villaloplaza@gmail.com]]></description>
        <styleUrl>#icon-1591-0288D1-labelson</styleUrl>
        <Point>
          <coordinates>
            -70.5873393,-33.4692651,0
          </coordinates>
        </Point>
      </Placemark>
      <Placemark>
        <name>26- Villa Los Presidentes</name>
        <description><![CDATA[Junta de Vecinos 26<br>Villa Los Presidentes<br>Quillagua 3470<br>De lunes a viernes<br>Desde 17hrs a 20 hrs]]></description>
        <styleUrl>#icon-1591-0288D1-labelson</styleUrl>
        <Point>
          <coordinates>
            -70.5928878,-33.4682736,0
          </coordinates>
        </Point>
      </Placemark>
      <Placemark>
        <name>27- Villa Los Alerces</name>
        <description><![CDATA[Junta de vecinos 27 <br>Villa los alerces <br>Lluta 3800, Ñuñoa <br>Horario de atención: Lunes a viernes de 19:30 a 20:30 horas.]]></description>
        <styleUrl>#icon-1591-0288D1-labelson</styleUrl>
        <Point>
          <coordinates>
            -70.5917963,-33.4713676,0
          </coordinates>
        </Point>
      </Placemark>
      <Placemark>
        <name>28- José Pedro Alessandri</name>
        <description>aranedatoro@hotmail.com</description>
        <styleUrl>#icon-1659-0288D1-labelson</styleUrl>
        <Point>
          <coordinates>
            -70.5986473,-33.4674916,0
          </coordinates>
        </Point>
      </Placemark>
      <Placemark>
        <name>29- Dr. Luis Bisquert</name>
        <description><![CDATA[Lunes a viernes:<br>Verano: 18:00 a 21:00 horas<br>Invierno: 17:30 a 20:30 horas<br><br>juntavecinal_29@live.cl]]></description>
        <styleUrl>#icon-1591-0288D1-labelson</styleUrl>
        <Point>
          <coordinates>
            -70.6042501,-33.4630633,0
          </coordinates>
        </Point>
      </Placemark>
      <Placemark>
        <name>29- 21 de Mayo</name>
        <description>lovaldiviesosur@gmail.com</description>
        <styleUrl>#icon-1591-0288D1-labelson</styleUrl>
        <Point>
          <coordinates>
            -70.601785,-33.4649587,0
          </coordinates>
        </Point>
      </Placemark>
      <Placemark>
        <name>30- Guillermo Mann</name>
        <description>junta_v30@hotmail.com</description>
        <styleUrl>#icon-1591-0288D1-labelson</styleUrl>
        <Point>
          <coordinates>
            -70.604398,-33.4698782,0
          </coordinates>
        </Point>
      </Placemark>
      <Placemark>
        <name>31- Plaza Zañartu</name>
        <description>unidad_vecinal31@yahoo.es</description>
        <styleUrl>#icon-1591-0288D1-labelson</styleUrl>
        <Point>
          <coordinates>
            -70.6007189,-33.4733919,0
          </coordinates>
        </Point>
      </Placemark>
      <Placemark>
        <name>32- Villa Olímpica</name>
        <description><![CDATA[Teléfono 2 2326 9013<br><br>www.facebook.com/JvVillaOlimpica/<br><br>www.instagram.com/jv.villaolimpica/<br><br>jvecinosvillaolimpica@gmail.com]]></description>
        <styleUrl>#icon-1899-0288D1-labelson</styleUrl>
        <Point>
          <coordinates>
            -70.6193088,-33.4633289,0
          </coordinates>
        </Point>
      </Placemark>
      <Placemark>
        <name>33- Villa Salvador Cruz Gana</name>
        <description><![CDATA[Jjvv 33 Salvador Cruz Gana<br>Los Jazmines #1705<br>De 18:00 a 20:00 horas<br><br>juntadevecinos33scg@gmail.com]]></description>
        <styleUrl>#icon-1591-0288D1-labelson</styleUrl>
        <Point>
          <coordinates>
            -70.6181899,-33.4673511,0
          </coordinates>
        </Point>
      </Placemark>
      <Placemark>
        <name>34- Villa Rebeca Matte</name>
        <description>vecinal34_2@hotmail.com</description>
        <styleUrl>#icon-1591-0288D1-labelson</styleUrl>
        <Point>
          <coordinates>
            -70.6153945,-33.469625,0
          </coordinates>
        </Point>
      </Placemark>
      <Placemark>
        <name>35- Exequiel González Cortés</name>
        <description><![CDATA[Lunes a viernes de 17:00 a 20:00 horas.<br><br>www.facebook.com/JVN.35<br><br>yogurtdemora@yahoo.es]]></description>
        <styleUrl>#icon-1591-0288D1-labelson</styleUrl>
        <Point>
          <coordinates>
            -70.620991,-33.4696821,0
          </coordinates>
        </Point>
      </Placemark>
      <Placemark>
        <name>36- La Portada</name>
        <description>laportadadenunoa@gmail.com</description>
        <styleUrl>#icon-1659-0288D1-labelson</styleUrl>
        <Point>
          <coordinates>
            -70.6254844,-33.4655223,0
          </coordinates>
        </Point>
      </Placemark>
      <Placemark>
        <name><![CDATA[37- Bernardo O'Higgins]]></name>
        <description>jv37bernardoohiggins@gmail.com</description>
        <styleUrl>#icon-1591-0288D1-labelson</styleUrl>
        <Point>
          <coordinates>
            -70.6185754,-33.4709211,0
          </coordinates>
        </Point>
      </Placemark>
      <Placemark>
        <name>Unión Comunal de Juntas de Vecinos de Ñuñoa</name>
        <description><![CDATA[* Por cambio de oficina, la atención presencial estará suspendida hasta el martes 24 de junio . Las semanas del 23 y 30 de junio la atención será solo de martes a jueves.<br><br>Horario: lunes a viernes 9:00-17:00<br>Certificados de residencia: lunes a viernes 10:00-13:00<br><br>Página: www.unconunoa.cl<br><br>Correo: unioncomunalnunoa@gmail.com<br><br>Teléfono: +56 232407985]]></description>
        <styleUrl>#icon-1591-FF5252-labelson</styleUrl>
        <Point>
          <coordinates>
            -70.6294953,-33.452444,0
          </coordinates>
        </Point>
      </Placemark>
    </Folder>
    <Folder>
      <name>Unidades Vecinales</name>
      <Placemark>
        <name>Tobalaba</name>
        <description><![CDATA[Unidad Vecinal Tobalaba<br>Junta de Vecinos Tobalaba]]></description>
        <styleUrl>#poly-3949AB-1200-77</styleUrl>
        <Polygon>
          <outerBoundaryIs>
            <LinearRing>
              <tessellate>1</tessellate>
              <coordinates>
                -70.5822511,-33.4337897,0
                -70.582416,-33.4340213,0
                -70.5829605,-33.4346817,0
                -70.5830598,-33.434619,0
                -70.5835372,-33.4352412,0
                -70.583902,-33.4356576,0
                -70.5844035,-33.4362574,0
                -70.5854335,-33.4373721,0
                -70.58472,-33.4377795,0
                -70.5837437,-33.438348,0
                -70.5829095,-33.4388202,0
                -70.5825904,-33.4390418,0
                -70.5822095,-33.4392097,0
                -70.5821398,-33.4392657,0
                -70.5809971,-33.4400446,0
                -70.5809757,-33.4399886,0
                -70.580863,-33.4395947,0
                -70.580678,-33.4390642,0
                -70.579082,-33.4393888,0
                -70.5790525,-33.4401587,0
                -70.5785939,-33.4402191,0
                -70.5777463,-33.4403355,0
                -70.5769899,-33.4403333,0
                -70.5765286,-33.4403154,0
                -70.5762362,-33.4402773,0
                -70.5752545,-33.4401833,0
                -70.5746296,-33.4401274,0
                -70.5737005,-33.4400312,0
                -70.5734172,-33.4399975,0
                -70.5731731,-33.4399685,0
                -70.5729545,-33.4399584,0
                -70.5731262,-33.4390362,0
                -70.5734078,-33.437991,0
                -70.5740676,-33.4375881,0
                -70.5753363,-33.4369815,0
                -70.5765648,-33.4364399,0
                -70.5774177,-33.4362474,0
                -70.5780239,-33.4360683,0
                -70.5786194,-33.4358266,0
                -70.5793221,-33.4354819,0
                -70.5800141,-33.4351327,0
                -70.5808188,-33.4346626,0
                -70.5813928,-33.4343134,0
                -70.5818917,-33.4340225,0
                -70.5822511,-33.4337897,0
              </coordinates>
            </LinearRing>
          </outerBoundaryIs>
        </Polygon>
      </Placemark>
      <Placemark>
        <name>Amapolas</name>
        <description><![CDATA[Unidad Vecinal Amapolas<br>Junta de Vecinos Amapolas]]></description>
        <styleUrl>#poly-F57C00-1200-77</styleUrl>
        <Polygon>
          <outerBoundaryIs>
            <LinearRing>
              <tessellate>1</tessellate>
              <coordinates>
                -70.5854335,-33.4373721,0
                -70.5861145,-33.4381434,0
                -70.5867368,-33.4388776,0
                -70.5872062,-33.4394371,0
                -70.58671,-33.4396453,0
                -70.5862808,-33.4398356,0
                -70.5851838,-33.4402921,0
                -70.5840733,-33.4407868,0
                -70.5827663,-33.4412576,0
                -70.5821502,-33.4414918,0
                -70.5815869,-33.4416373,0
                -70.5809969,-33.4417917,0
                -70.579527,-33.4421744,0
                -70.5786982,-33.4423871,0
                -70.5779061,-33.4425826,0
                -70.5772471,-33.4424923,0
                -70.5768823,-33.4425035,0
                -70.5765471,-33.4424676,0
                -70.5756531,-33.4423946,0
                -70.5744461,-33.4419582,0
                -70.5732713,-33.4414815,0
                -70.5729058,-33.4414405,0
                -70.572712,-33.4414442,0
                -70.5727964,-33.4409012,0
                -70.5729545,-33.4399584,0
                -70.5731731,-33.4399685,0
                -70.5739617,-33.4400535,0
                -70.5752545,-33.4401833,0
                -70.5762362,-33.4402773,0
                -70.5765286,-33.4403154,0
                -70.5769414,-33.4403347,0
                -70.5777463,-33.4403355,0
                -70.5790525,-33.4401587,0
                -70.579082,-33.4393888,0
                -70.580678,-33.4390642,0
                -70.580863,-33.4395947,0
                -70.5809971,-33.4400446,0
                -70.5813509,-33.4398065,0
                -70.5818954,-33.4394304,0
                -70.5822095,-33.4392097,0
                -70.5825904,-33.4390418,0
                -70.5829095,-33.4388202,0
                -70.5831131,-33.4387052,0
                -70.5845159,-33.4378883,0
                -70.5854335,-33.4373721,0
              </coordinates>
            </LinearRing>
          </outerBoundaryIs>
        </Polygon>
      </Placemark>
      <Placemark>
        <name>Arturo Prat</name>
        <description><![CDATA[Unidad Vecinal Arturo Prat<br>Junta de Vecinos Arturo Prat de Ñuñoa]]></description>
        <styleUrl>#poly-FFEA00-1200-77</styleUrl>
        <Polygon>
          <outerBoundaryIs>
            <LinearRing>
              <tessellate>1</tessellate>
              <coordinates>
                -70.5743978,-33.4480525,0
                -70.5729387,-33.4480525,0
                -70.5715761,-33.4479987,0
                -70.5721126,-33.4449908,0
                -70.5725954,-33.4423588,0
                -70.5727456,-33.4414188,0
                -70.5732713,-33.4414815,0
                -70.5745695,-33.4420007,0
                -70.5756531,-33.4423946,0
                -70.5779061,-33.4425826,0
                -70.5811784,-33.44175,0
                -70.5827663,-33.4412576,0
                -70.5833349,-33.4461278,0
                -70.583571,-33.4483837,0
                -70.5823693,-33.4483926,0
                -70.579773,-33.4482494,0
                -70.577595,-33.4481867,0
                -70.5764363,-33.4481241,0
                -70.5743978,-33.4480525,0
              </coordinates>
            </LinearRing>
          </outerBoundaryIs>
        </Polygon>
      </Placemark>
      <Placemark>
        <name>Parque Pucará</name>
        <description><![CDATA[Unidad Vecinal Parque Botánico<br>Junta de Vecinos Parque Pucará]]></description>
        <styleUrl>#poly-7CB342-1200-77</styleUrl>
        <Polygon>
          <outerBoundaryIs>
            <LinearRing>
              <tessellate>1</tessellate>
              <coordinates>
                -70.5872062,-33.4394371,0
                -70.5874454,-33.4398084,0
                -70.5878262,-33.4404217,0
                -70.5879979,-33.4406835,0
                -70.5881924,-33.4409902,0
                -70.5883801,-33.4413024,0
                -70.5885759,-33.441628,0
                -70.5889031,-33.4421249,0
                -70.5891231,-33.4424696,0
                -70.5894999,-33.4430381,0
                -70.589866,-33.4435629,0
                -70.5900551,-33.4438539,0
                -70.5902536,-33.4441515,0
                -70.5904213,-33.4444447,0
                -70.5907244,-33.4448946,0
                -70.5910288,-33.4453579,0
                -70.591187,-33.4456578,0
                -70.5913989,-33.4459386,0
                -70.5919126,-33.4466705,0
                -70.5923833,-33.4472591,0
                -70.5925509,-33.4474471,0
                -70.5928004,-33.4477526,0
                -70.5914271,-33.4484956,0
                -70.5902684,-33.44849,0
                -70.5891177,-33.4484922,0
                -70.5881548,-33.4484821,0
                -70.5870511,-33.4484933,0
                -70.5862853,-33.4485056,0
                -70.5859058,-33.44849,0
                -70.5853264,-33.4484642,0
                -70.5849858,-33.4484698,0
                -70.5845352,-33.4484553,0
                -70.5835616,-33.448415,0
                -70.583465,-33.4474124,0
                -70.5833631,-33.4466604,0
                -70.5833255,-33.446083,0
                -70.5832424,-33.4454518,0
                -70.5831914,-33.4447491,0
                -70.5830493,-33.4435427,0
                -70.5830278,-33.443451,0
                -70.5829178,-33.4425154,0
                -70.5827663,-33.4412576,0
                -70.5832102,-33.4411166,0
                -70.5840733,-33.4407868,0
                -70.5844628,-33.4406108,0
                -70.5847739,-33.4404742,0
                -70.5851838,-33.4402921,0
                -70.5856322,-33.4401072,0
                -70.5862808,-33.4398356,0
                -70.5866647,-33.4396673,0
                -70.5872062,-33.4394371,0
              </coordinates>
            </LinearRing>
          </outerBoundaryIs>
        </Polygon>
      </Placemark>
      <Placemark>
        <name>Plaza Bremen</name>
        <description><![CDATA[Unidad Vecinal Los Guindos<br>Junta de Vecinos Plaza Bremen]]></description>
        <styleUrl>#poly-0097A7-1200-77</styleUrl>
        <Polygon>
          <outerBoundaryIs>
            <LinearRing>
              <tessellate>1</tessellate>
              <coordinates>
                -70.5715761,-33.4479987,0
                -70.5729387,-33.4480525,0
                -70.5743978,-33.4480525,0
                -70.5756679,-33.4480904,0
                -70.5777708,-33.4481978,0
                -70.579773,-33.4482494,0
                -70.5808177,-33.4483052,0
                -70.5806997,-33.4493839,0
                -70.5805334,-33.4505969,0
                -70.5804583,-33.4512907,0
                -70.5803618,-33.4521276,0
                -70.5802974,-33.4526961,0
                -70.5802062,-33.4530317,0
                -70.5801472,-33.4533719,0
                -70.5801418,-33.4536002,0
                -70.580056,-33.4545445,0
                -70.5789027,-33.4544461,0
                -70.5783018,-33.4544192,0
                -70.5776527,-33.4544103,0
                -70.5773255,-33.4543834,0
                -70.5765262,-33.4543073,0
                -70.57614,-33.4542312,0
                -70.5760166,-33.4541909,0
                -70.5757376,-33.4540477,0
                -70.5752495,-33.4536852,0
                -70.574874,-33.4534704,0
                -70.5745682,-33.4533853,0
                -70.574182,-33.4533495,0
                -70.5734685,-33.4533808,0
                -70.5716017,-33.4534704,0
                -70.5710009,-33.4534704,0
                -70.5707917,-33.4534748,0
                -70.5707702,-33.4533092,0
                -70.5707917,-33.4526155,0
                -70.5708936,-33.4520113,0
                -70.5709633,-33.4515592,0
                -70.5711403,-33.4508073,0
                -70.5712959,-33.4498181,0
                -70.5715761,-33.4479987,0
              </coordinates>
            </LinearRing>
          </outerBoundaryIs>
        </Polygon>
      </Placemark>
      <Placemark>
        <name>Parque Gorostiaga</name>
        <description><![CDATA[Unidad Vecinal Castillo Ortúzar<br>Junta de Vecinos Parque Gorostiaga]]></description>
        <styleUrl>#poly-3949AB-1200-77</styleUrl>
        <Polygon>
          <outerBoundaryIs>
            <LinearRing>
              <tessellate>1</tessellate>
              <coordinates>
                -70.5914271,-33.4484956,0
                -70.5914185,-33.4485093,0
                -70.5914426,-33.4490732,0
                -70.591452,-33.4493787,0
                -70.5914829,-33.4497122,0
                -70.5915432,-33.4505794,0
                -70.5915915,-33.4512407,0
                -70.5916451,-33.451827,0
                -70.5916653,-33.4521011,0
                -70.5917243,-33.4527692,0
                -70.5917632,-33.4532939,0
                -70.5918068,-33.4539133,0
                -70.5918376,-33.4542266,0
                -70.5918778,-33.4547435,0
                -70.5919207,-33.4551776,0
                -70.5919315,-33.4553421,0
                -70.5910745,-33.4554037,0
                -70.5904831,-33.4554417,0
                -70.5900043,-33.4554697,0
                -70.5897508,-33.4554831,0
                -70.5891393,-33.4555189,0
                -70.588403,-33.4555491,0
                -70.587994,-33.4555469,0
                -70.5874361,-33.4555323,0
                -70.5864249,-33.4554909,0
                -70.585981,-33.4554607,0
                -70.5858415,-33.4554283,0
                -70.5852541,-33.4553399,0
                -70.5852407,-33.4553074,0
                -70.5845728,-33.4551508,0
                -70.5838111,-33.4549818,0
                -70.5832304,-33.4548711,0
                -70.5828334,-33.4548263,0
                -70.5820864,-33.4547502,0
                -70.5817176,-33.4547088,0
                -70.5810202,-33.4546361,0
                -70.5805039,-33.4545779,0
                -70.580056,-33.4545445,0
                -70.5800748,-33.4540285,0
                -70.5800868,-33.453854,0
                -70.5801217,-33.4535988,0
                -70.5801472,-33.4533719,0
                -70.5801982,-33.453092,0
                -70.5802974,-33.4526961,0
                -70.580351,-33.4522427,0
                -70.5804141,-33.4517045,0
                -70.5804623,-33.4513084,0
                -70.5805294,-33.4506191,0
                -70.580626,-33.4499399,0
                -70.5807051,-33.4492953,0
                -70.5807292,-33.449001,0
                -70.5807923,-33.4484975,0
                -70.5808177,-33.4483052,0
                -70.5814132,-33.4483431,0
                -70.5816479,-33.4483487,0
                -70.5819979,-33.4483621,0
                -70.58236,-33.4483744,0
                -70.5830614,-33.4483934,0
                -70.5835616,-33.448415,0
                -70.5840806,-33.448436,0
                -70.5849858,-33.4484698,0
                -70.5853346,-33.4484617,0
                -70.5862935,-33.4485065,0
                -70.5870511,-33.4484933,0
                -70.5877673,-33.4484852,0
                -70.5881657,-33.4484818,0
                -70.5891084,-33.4484908,0
                -70.5902684,-33.44849,0
                -70.5914271,-33.4484956,0
              </coordinates>
            </LinearRing>
          </outerBoundaryIs>
        </Polygon>
      </Placemark>
      <Placemark>
        <name>Consistorial</name>
        <description><![CDATA[Unidad Vecinal Consistorial<br>Junta de Vecinos Consistorial]]></description>
        <styleUrl>#poly-795548-1200-77</styleUrl>
        <Polygon>
          <outerBoundaryIs>
            <LinearRing>
              <tessellate>1</tessellate>
              <coordinates>
                -70.5914271,-33.4484956,0
                -70.5928004,-33.4477526,0
                -70.5937627,-33.4472549,0
                -70.5944225,-33.4468946,0
                -70.5951575,-33.4464962,0
                -70.5956497,-33.4462221,0
                -70.5957046,-33.4461918,0
                -70.595785,-33.4461482,0
                -70.5959367,-33.4460643,0
                -70.5960935,-33.445977,0
                -70.5965763,-33.4466081,0
                -70.5969948,-33.4471296,0
                -70.5975285,-33.4478614,0
                -70.5976573,-33.4484702,0
                -70.5978263,-33.4492602,0
                -70.5978853,-33.4492714,0
                -70.5978772,-33.4493475,0
                -70.5979657,-33.449992,0
                -70.5980301,-33.450594,0
                -70.5980998,-33.4510483,0
                -70.5982447,-33.4518383,0
                -70.5983466,-33.4524559,0
                -70.5984753,-33.4533645,0
                -70.5985934,-33.4539978,0
                -70.5985987,-33.4541209,0
                -70.59858,-33.4542306,0
                -70.5985183,-33.4543917,0
                -70.5984002,-33.4545215,0
                -70.5982795,-33.4546345,0
                -70.5982259,-33.4547117,0
                -70.5981307,-33.4548784,0
                -70.5979322,-33.454903,0
                -70.5978906,-33.4549086,0
                -70.5976519,-33.4549668,0
                -70.5975138,-33.4549869,0
                -70.5972295,-33.4550205,0
                -70.5966447,-33.4550876,0
                -70.5962934,-33.4551279,0
                -70.5958481,-33.4551716,0
                -70.5955879,-33.4551939,0
                -70.5949804,-33.4552465,0
                -70.5947122,-33.4552611,0
                -70.5941637,-33.4552913,0
                -70.5936393,-33.4553081,0
                -70.5932531,-33.455317,0
                -70.5924109,-33.4553316,0
                -70.5919315,-33.4553421,0
                -70.5918771,-33.4547363,0
                -70.5918235,-33.4540672,0
                -70.591798,-33.4537371,0
                -70.591747,-33.4531027,0
                -70.5917215,-33.4527245,0
                -70.5916813,-33.4522411,0
                -70.5916424,-33.4517991,0
                -70.5915821,-33.451083,0
                -70.5915338,-33.4504474,0
                -70.5914829,-33.4497122,0
                -70.5914506,-33.4493508,0
                -70.5914185,-33.4485093,0
                -70.5914271,-33.4484956,0
              </coordinates>
            </LinearRing>
          </outerBoundaryIs>
        </Polygon>
      </Placemark>
      <Placemark>
        <name>Irarrázaval</name>
        <description><![CDATA[Unidad Vecinal Irarrázaval<br>Junta de Vecinos Irarrázaval]]></description>
        <styleUrl>#poly-C2185B-1200-77</styleUrl>
        <Polygon>
          <outerBoundaryIs>
            <LinearRing>
              <tessellate>1</tessellate>
              <coordinates>
                -70.5975888,-33.4450354,0
                -70.597751,-33.4449201,0
                -70.5979603,-33.4448597,0
                -70.5981641,-33.4447679,0
                -70.5982888,-33.4446683,0
                -70.598321,-33.4445967,0
                -70.5991981,-33.4446516,0
                -70.5991994,-33.4446135,0
                -70.5993268,-33.4446247,0
                -70.6000001,-33.4447109,0
                -70.6003903,-33.4447567,0
                -70.6011092,-33.4448161,0
                -70.601474,-33.4448563,0
                -70.602166,-33.4449336,0
                -70.6029183,-33.4450119,0
                -70.6036372,-33.4450779,0
                -70.6040261,-33.4451126,0
                -70.6043748,-33.4451439,0
                -70.6051137,-33.4452368,0
                -70.6061584,-33.44538,0
                -70.6061222,-33.4456229,0
                -70.6060592,-33.4460022,0
                -70.6060029,-33.4462495,0
                -70.6059559,-33.4465237,0
                -70.605913,-33.4467285,0
                -70.6058808,-33.4470496,0
                -70.6058634,-33.4471828,0
                -70.6057467,-33.4477154,0
                -70.6057011,-33.4479292,0
                -70.6056676,-33.4481071,0
                -70.6056394,-33.448464,0
                -70.6055978,-33.448962,0
                -70.605575,-33.4490672,0
                -70.605508,-33.4495047,0
                -70.6054678,-33.4497598,0
                -70.6054047,-33.4500586,0
                -70.6053497,-33.4503585,0
                -70.6052907,-33.4507177,0
                -70.6052062,-33.4512492,0
                -70.6051419,-33.4514461,0
                -70.6050104,-33.451944,0
                -70.6049729,-33.452207,0
                -70.6049313,-33.4525807,0
                -70.6048911,-33.4529007,0
                -70.6048348,-33.4532499,0
                -70.6048361,-33.4534636,0
                -70.6048576,-33.4537433,0
                -70.6049072,-33.4541405,0
                -70.6044794,-33.4541786,0
                -70.6036519,-33.4542569,0
                -70.6033958,-33.4542759,0
                -70.6033662,-33.4542882,0
                -70.602697,-33.4543587,0
                -70.6022102,-33.4544113,0
                -70.6016242,-33.4544583,0
                -70.6011481,-33.4545019,0
                -70.6006881,-33.4545512,0
                -70.6000577,-33.4546261,0
                -70.5996889,-33.4546765,0
                -70.5989567,-33.4547794,0
                -70.5981307,-33.4548784,0
                -70.5982795,-33.4546345,0
                -70.5985183,-33.4543917,0
                -70.59858,-33.4542306,0
                -70.5985987,-33.4541209,0
                -70.5985959,-33.4539883,0
                -70.5985396,-33.4536997,0
                -70.5984752,-33.4533573,0
                -70.5983733,-33.4526501,0
                -70.5983358,-33.4524442,0
                -70.5982888,-33.4520973,0
                -70.5982352,-33.451793,0
                -70.5981641,-33.4513902,0
                -70.5981038,-33.4510869,0
                -70.5980301,-33.450594,0
                -70.5979898,-33.4502499,0
                -70.5979603,-33.4499691,0
                -70.5978999,-33.4495058,0
                -70.5978772,-33.4493475,0
                -70.5978261,-33.4492451,0
                -70.5977242,-33.4487874,0
                -70.5975526,-33.4479851,0
                -70.5975285,-33.4478614,0
                -70.597102,-33.4472801,0
                -70.5965943,-33.4466306,0
                -70.5960935,-33.445977,0
                -70.5974607,-33.4451333,0
                -70.5975888,-33.4450354,0
              </coordinates>
            </LinearRing>
          </outerBoundaryIs>
        </Polygon>
      </Placemark>
      <Placemark>
        <name>General Sucre 2</name>
        <description><![CDATA[Unidad Vecinal General Sucre<br>Junta de Vecinos General Sucre 2]]></description>
        <styleUrl>#poly-F57C00-1200-77</styleUrl>
        <Polygon>
          <outerBoundaryIs>
            <LinearRing>
              <tessellate>1</tessellate>
              <coordinates>
                -70.6061584,-33.44538,0
                -70.6068536,-33.4454545,0
                -70.608074,-33.4456045,0
                -70.6087446,-33.4457231,0
                -70.6088384,-33.4457432,0
                -70.6091522,-33.4458148,0
                -70.6096565,-33.4459581,0
                -70.6112712,-33.4464102,0
                -70.6115636,-33.4464549,0
                -70.6129905,-33.4466787,0
                -70.6138917,-33.446813,0
                -70.6136342,-33.4479253,0
                -70.6135564,-33.4482095,0
                -70.6134035,-33.4489257,0
                -70.6132748,-33.4495501,0
                -70.6131997,-33.4499484,0
                -70.6131031,-33.4506131,0
                -70.6130441,-33.4508212,0
                -70.6129798,-33.4511077,0
                -70.6129047,-33.4514008,0
                -70.6127625,-33.4519558,0
                -70.6126472,-33.4524459,0
                -70.6125533,-33.4528779,0
                -70.6125077,-33.4531912,0
                -70.6124996,-33.4532874,0
                -70.61199,-33.4533478,0
                -70.6111264,-33.4534373,0
                -70.6097262,-33.4536052,0
                -70.608943,-33.4537126,0
                -70.6084522,-33.453773,0
                -70.6072693,-33.4538961,0
                -70.6067651,-33.4539475,0
                -70.6055152,-33.4540751,0
                -70.6049072,-33.4541405,0
                -70.6048473,-33.4536275,0
                -70.6048348,-33.4532499,0
                -70.604917,-33.4526876,0
                -70.6050104,-33.451944,0
                -70.6050351,-33.4518529,0
                -70.6051263,-33.451515,0
                -70.6051987,-33.4512688,0
                -70.6052577,-33.450951,0
                -70.6053497,-33.4503585,0
                -70.6054079,-33.4500805,0
                -70.6054678,-33.4497598,0
                -70.605508,-33.4495047,0
                -70.6055978,-33.448962,0
                -70.6056681,-33.4480887,0
                -70.6057264,-33.4478352,0
                -70.605827,-33.4473552,0
                -70.6058779,-33.447109,0
                -70.605886,-33.4469725,0
                -70.6059101,-33.4467419,0
                -70.6059665,-33.4464689,0
                -70.6059906,-33.4463145,0
                -70.6060592,-33.4460022,0
                -70.6061584,-33.44538,0
              </coordinates>
            </LinearRing>
          </outerBoundaryIs>
        </Polygon>
      </Placemark>
      <Placemark>
        <name>Washington Espejo</name>
        <description><![CDATA[Unidad Vecinal Plaza Guillermo Franke<br>Junta de Vecinos Washington Espejo]]></description>
        <styleUrl>#poly-FFEA00-1200-77</styleUrl>
        <Polygon>
          <outerBoundaryIs>
            <LinearRing>
              <tessellate>1</tessellate>
              <coordinates>
                -70.6137645,-33.4475354,0
                -70.6138182,-33.447541,0
                -70.6146496,-33.4476775,0
                -70.6152692,-33.4477805,0
                -70.6159452,-33.4478935,0
                -70.6165178,-33.4479763,0
                -70.6170824,-33.4481263,0
                -70.6173426,-33.4481677,0
                -70.6178106,-33.4482415,0
                -70.6184423,-33.4483534,0
                -70.6185509,-33.4478969,0
                -70.618618,-33.4476227,0
                -70.6187387,-33.447249,0
                -70.6193784,-33.4473687,0
                -70.6202193,-33.4475321,0
                -70.6208737,-33.4476663,0
                -70.6214061,-33.4477671,0
                -70.6222095,-33.4479226,0
                -70.6220405,-33.4484765,0
                -70.6219935,-33.4486343,0
                -70.6218675,-33.449055,0
                -70.6217763,-33.4493784,0
                -70.6216328,-33.4498887,0
                -70.6215228,-33.4503072,0
                -70.6214048,-33.4507659,0
                -70.6212988,-33.4511419,0
                -70.6211768,-33.4515112,0
                -70.6211071,-33.4517909,0
                -70.621044,-33.4520236,0
                -70.6209582,-33.4522933,0
                -70.6208724,-33.4526301,0
                -70.620753,-33.4530005,0
                -70.6206498,-33.4533048,0
                -70.6206256,-33.4533899,0
                -70.6206162,-33.4534469,0
                -70.6201254,-33.4533753,0
                -70.61966,-33.4533093,0
                -70.6190512,-33.4532175,0
                -70.6187226,-33.453175,0
                -70.6182036,-33.4530967,0
                -70.6177691,-33.4530329,0
                -70.6174003,-33.453005,0
                -70.6172259,-33.4529949,0
                -70.617124,-33.4529915,0
                -70.6164856,-33.452996,0
                -70.6156059,-33.4530139,0
                -70.6150842,-33.4530161,0
                -70.6145665,-33.4530519,0
                -70.6142366,-33.453081,0
                -70.6140381,-33.4530945,0
                -70.6136492,-33.4531459,0
                -70.6132401,-33.4532019,0
                -70.6128056,-33.4532545,0
                -70.6124996,-33.4532874,0
                -70.6125119,-33.453156,0
                -70.6125562,-33.4528707,0
                -70.6126474,-33.4524578,0
                -70.612689,-33.4522765,0
                -70.6127547,-33.4519901,0
                -70.6129008,-33.4514093,0
                -70.6129853,-33.4510938,0
                -70.6130417,-33.4508308,0
                -70.6131031,-33.4506131,0
                -70.6131449,-33.4503441,0
                -70.6131997,-33.4499484,0
                -70.6132321,-33.4497891,0
                -70.6132904,-33.4494897,0
                -70.613336,-33.4492604,0
                -70.6133883,-33.4490052,0
                -70.6134554,-33.4486852,0
                -70.6135466,-33.4482622,0
                -70.6136311,-33.4479366,0
                -70.613727,-33.4475231,0
                -70.6137645,-33.4475354,0
              </coordinates>
            </LinearRing>
          </outerBoundaryIs>
        </Polygon>
      </Placemark>
      <Placemark>
        <name>Condell</name>
        <description><![CDATA[Unidad Vecinal Condell<br>Junta de Vecinos Condell]]></description>
        <styleUrl>#poly-7CB342-1200-77</styleUrl>
        <Polygon>
          <outerBoundaryIs>
            <LinearRing>
              <tessellate>1</tessellate>
              <coordinates>
                -70.6222095,-33.4479226,0
                -70.6223236,-33.4479501,0
                -70.6232249,-33.4481426,0
                -70.6237023,-33.4482366,0
                -70.6244801,-33.4483888,0
                -70.6247001,-33.4484324,0
                -70.6253586,-33.4485712,0
                -70.6261927,-33.4487636,0
                -70.6267305,-33.4488968,0
                -70.6273742,-33.4490232,0
                -70.6279442,-33.4491363,0
                -70.628946,-33.4493298,0
                -70.6292719,-33.4493925,0
                -70.630263,-33.4495794,0
                -70.6308638,-33.4496902,0
                -70.6314888,-33.4497998,0
                -70.6313211,-33.4503929,0
                -70.6311642,-33.4509322,0
                -70.6309912,-33.4514827,0
                -70.6308437,-33.451946,0
                -70.6306693,-33.4519952,0
                -70.6302952,-33.4520859,0
                -70.629803,-33.4522123,0
                -70.6291888,-33.4523522,0
                -70.6290359,-33.452388,0
                -70.6287837,-33.4524316,0
                -70.628655,-33.4524551,0
                -70.6285209,-33.4524663,0
                -70.6283653,-33.4524596,0
                -70.6280971,-33.4524473,0
                -70.6270336,-33.4523667,0
                -70.6267614,-33.4523533,0
                -70.6261592,-33.4523029,0
                -70.6257408,-33.4522761,0
                -70.6256576,-33.4522761,0
                -70.6254766,-33.4522839,0
                -70.6253599,-33.4523018,0
                -70.6252352,-33.452332,0
                -70.6251091,-33.4523745,0
                -70.6249388,-33.4524439,0
                -70.6244667,-33.4526699,0
                -70.6243487,-33.4527248,0
                -70.6240724,-33.4528467,0
                -70.6233938,-33.4531455,0
                -70.6230854,-33.4532887,0
                -70.6228225,-33.4534208,0
                -70.622443,-33.4536166,0
                -70.6223183,-33.4536658,0
                -70.622207,-33.4536781,0
                -70.6220769,-33.4536792,0
                -70.6219213,-33.4536703,0
                -70.6217805,-33.4536479,0
                -70.6214922,-33.4535819,0
                -70.621177,-33.4535371,0
                -70.6206162,-33.4534469,0
                -70.6206256,-33.4533899,0
                -70.620709,-33.4531399,0
                -70.620839,-33.4527483,0
                -70.6208578,-33.4526845,0
                -70.6209597,-33.4523018,0
                -70.6211046,-33.451805,0
                -70.6211768,-33.4515112,0
                -70.6212186,-33.4513865,0
                -70.6213366,-33.4510262,0
                -70.621401,-33.4507778,0
                -70.621523,-33.4503157,0
                -70.6215968,-33.4500225,0
                -70.6216826,-33.4497193,0
                -70.6218073,-33.4492705,0
                -70.6218675,-33.449055,0
                -70.6219428,-33.4488118,0
                -70.6221037,-33.4482646,0
                -70.6222095,-33.4479226,0
              </coordinates>
            </LinearRing>
          </outerBoundaryIs>
        </Polygon>
      </Placemark>
      <Placemark>
        <name>Javiera Carrera</name>
        <description><![CDATA[Unidad Vecinal Javiera Carrera<br>Junta de Vecinos Javiera Carrera]]></description>
        <styleUrl>#poly-0097A7-1200-77</styleUrl>
        <MultiGeometry>
          <Polygon>
            <outerBoundaryIs>
              <LinearRing>
                <tessellate>1</tessellate>
                <coordinates>
                  -70.6169326,-33.4559514,0
                  -70.6165384,-33.4559872,0
                  -70.6169513,-33.4559495,0
                  -70.6169326,-33.4559514,0
                </coordinates>
              </LinearRing>
            </outerBoundaryIs>
          </Polygon>
          <Polygon>
            <outerBoundaryIs>
              <LinearRing>
                <tessellate>1</tessellate>
                <coordinates>
                  -70.6169513,-33.4559495,0
                  -70.6174771,-33.4558954,0
                  -70.618147,-33.4558434,0
                  -70.6181282,-33.4556263,0
                  -70.6181014,-33.455463,0
                  -70.6180424,-33.4551653,0
                  -70.6178895,-33.4544045,0
                  -70.6178788,-33.4542568,0
                  -70.6178386,-33.4538674,0
                  -70.6178251,-33.4535161,0
                  -70.6178144,-33.4533706,0
                  -70.6178037,-33.4532341,0
                  -70.6177691,-33.4530329,0
                  -70.6179918,-33.4530688,0
                  -70.6183351,-33.453118,0
                  -70.6189279,-33.453203,0
                  -70.6193329,-33.4532635,0
                  -70.619982,-33.4533552,0
                  -70.6205989,-33.4534492,0
                  -70.6214922,-33.4535819,0
                  -70.6218381,-33.4536596,0
                  -70.6220312,-33.4536819,0
                  -70.6221599,-33.4536819,0
                  -70.6223183,-33.4536658,0
                  -70.6224094,-33.4536372,0
                  -70.62286,-33.4534022,0
                  -70.6233052,-33.4531851,0
                  -70.6237693,-33.4529792,0
                  -70.6243487,-33.4527248,0
                  -70.6249388,-33.4524439,0
                  -70.6251935,-33.4523437,0
                  -70.6253169,-33.4523101,0
                  -70.6254766,-33.4522839,0
                  -70.6256576,-33.4522761,0
                  -70.6258882,-33.4522877,0
                  -70.6267614,-33.4523533,0
                  -70.6270657,-33.4523705,0
                  -70.6281627,-33.4524489,0
                  -70.6285209,-33.4524663,0
                  -70.6287555,-33.4524332,0
                  -70.6290881,-33.4523773,0
                  -70.6296004,-33.4522631,0
                  -70.6302092,-33.4521132,0
                  -70.6308437,-33.451946,0
                  -70.630802,-33.4520751,0
                  -70.6306438,-33.4525966,0
                  -70.6304372,-33.4533664,0
                  -70.6302548,-33.4540601,0
                  -70.630113,-33.4544878,0
                  -70.6299662,-33.4549237,0
                  -70.629883,-33.4552023,0
                  -70.6298039,-33.4554507,0
                  -70.6297409,-33.4557136,0
                  -70.6296738,-33.4560537,0
                  -70.6296416,-33.4562137,0
                  -70.6295853,-33.456414,0
                  -70.6294552,-33.4568515,0
                  -70.6293452,-33.4572286,0
                  -70.6292017,-33.4577321,0
                  -70.6291293,-33.4576828,0
                  -70.6285325,-33.4575508,0
                  -70.6279196,-33.4574154,0
                  -70.626887,-33.4572252,0
                  -70.6268521,-33.4573349,0
                  -70.626777,-33.4573259,0
                  -70.6263546,-33.4572756,0
                  -70.6259321,-33.4572241,0
                  -70.6254668,-33.4571626,0
                  -70.6251865,-33.4571268,0
                  -70.6249638,-33.4571145,0
                  -70.6248431,-33.4571066,0
                  -70.6245883,-33.4570876,0
                  -70.6244663,-33.4570563,0
                  -70.6243758,-33.4570076,0
                  -70.6243275,-33.4570412,0
                  -70.6242095,-33.4570613,0
                  -70.6239734,-33.4570792,0
                  -70.6236838,-33.4571038,0
                  -70.6234397,-33.4571284,0
                  -70.6229488,-33.457171,0
                  -70.6227423,-33.4571956,0
                  -70.6224553,-33.4572269,0
                  -70.6219591,-33.4572873,0
                  -70.6218652,-33.4572985,0
                  -70.6216828,-33.4572873,0
                  -70.6215434,-33.4573164,0
                  -70.6211035,-33.4573992,0
                  -70.6208245,-33.4574283,0
                  -70.6206341,-33.4574395,0
                  -70.6203069,-33.4574663,0
                  -70.6198616,-33.4574932,0
                  -70.6194432,-33.4575223,0
                  -70.6189362,-33.4575715,0
                  -70.6184025,-33.4576252,0
                  -70.617681,-33.4576856,0
                  -70.6168656,-33.4577796,0
                  -70.6171901,-33.4571262,0
                  -70.6173484,-33.4568577,0
                  -70.6174449,-33.4566921,0
                  -70.6175039,-33.4565959,0
                  -70.6175764,-33.4564258,0
                  -70.61763,-33.4562893,0
                  -70.6176407,-33.4562154,0
                  -70.6176515,-33.4561349,0
                  -70.6176783,-33.4560812,0
                  -70.6177427,-33.4559827,0
                  -70.6178124,-33.4558708,0
                  -70.6169513,-33.4559495,0
                </coordinates>
              </LinearRing>
            </outerBoundaryIs>
          </Polygon>
        </MultiGeometry>
      </Placemark>
      <Placemark>
        <name>Suárez Mujica</name>
        <description><![CDATA[Unidad Vecinal Suárez Mujica<br>Junta de Vecinos Suárez Mujica]]></description>
        <styleUrl>#poly-3949AB-1200-77</styleUrl>
        <Polygon>
          <outerBoundaryIs>
            <LinearRing>
              <tessellate>1</tessellate>
              <coordinates>
                -70.6168656,-33.4577796,0
                -70.6172841,-33.4577311,0
                -70.6176717,-33.4576852,0
                -70.6177535,-33.4576785,0
                -70.6180942,-33.4576516,0
                -70.6183798,-33.4576259,0
                -70.618807,-33.4575851,0
                -70.6194432,-33.4575223,0
                -70.6196787,-33.4575067,0
                -70.6199214,-33.4574877,0
                -70.6202419,-33.4574687,0
                -70.6205222,-33.4574497,0
                -70.6208245,-33.4574283,0
                -70.6209514,-33.4574161,0
                -70.6210775,-33.4574038,0
                -70.6212223,-33.4573769,0
                -70.6214704,-33.4573322,0
                -70.6216828,-33.4572873,0
                -70.6218652,-33.4572985,0
                -70.6219358,-33.4572886,0
                -70.6221664,-33.4572617,0
                -70.6226519,-33.4572046,0
                -70.6230502,-33.457161,0
                -70.6231615,-33.4571554,0
                -70.6236054,-33.4571107,0
                -70.6239582,-33.4570804,0
                -70.6242371,-33.4570569,0
                -70.6243275,-33.4570412,0
                -70.6243758,-33.4570076,0
                -70.6244663,-33.4570563,0
                -70.6245883,-33.4570876,0
                -70.6248916,-33.4571107,0
                -70.6251865,-33.4571268,0
                -70.6253757,-33.4571509,0
                -70.6258129,-33.457208,0
                -70.6261488,-33.45725,0
                -70.6268521,-33.4573349,0
                -70.626887,-33.4572252,0
                -70.6285146,-33.4575453,0
                -70.6291293,-33.4576828,0
                -70.6292017,-33.4577321,0
                -70.6290483,-33.4582211,0
                -70.6289196,-33.4586687,0
                -70.6287479,-33.4593154,0
                -70.6285065,-33.4601366,0
                -70.6282866,-33.4608728,0
                -70.6280881,-33.4615105,0
                -70.6278816,-33.4622512,0
                -70.6277823,-33.4626003,0
                -70.6271466,-33.462475,0
                -70.6258458,-33.4622109,0
                -70.6250196,-33.4615911,0
                -70.6242284,-33.4609422,0
                -70.6242177,-33.4609131,0
                -70.6233835,-33.4609757,0
                -70.6227344,-33.4610093,0
                -70.6224045,-33.4610429,0
                -70.6221443,-33.4610608,0
                -70.6219512,-33.4610675,0
                -70.6217393,-33.4610406,0
                -70.6215649,-33.4609601,0
                -70.6214308,-33.4608504,0
                -70.6213531,-33.4609198,0
                -70.6212002,-33.4610675,0
                -70.6210231,-33.4611771,0
                -70.6208434,-33.4612465,0
                -70.6205377,-33.4612823,0
                -70.62002,-33.4613092,0
                -70.6191697,-33.4613808,0
                -70.6183973,-33.4614367,0
                -70.6174639,-33.4614837,0
                -70.6165573,-33.4615508,0
                -70.6150445,-33.4616672,0
                -70.6150096,-33.4615643,0
                -70.6149801,-33.4614345,0
                -70.6149801,-33.4613651,0
                -70.6150284,-33.4612845,0
                -70.6150445,-33.4612443,0
                -70.6151169,-33.4611078,0
                -70.6152913,-33.4607766,0
                -70.6155246,-33.4603067,0
                -70.6157606,-33.4598569,0
                -70.6159833,-33.4594317,0
                -70.6163346,-33.4587694,0
                -70.6165224,-33.458427,0
                -70.6168656,-33.4577796,0
              </coordinates>
            </LinearRing>
          </outerBoundaryIs>
        </Polygon>
      </Placemark>
      <Placemark>
        <name>Eusebio Lillo</name>
        <description><![CDATA[Unidad Vecinal Eusebio Lillo<br>Junta de Vecinos Eusebio Lillo]]></description>
        <styleUrl>#poly-9C27B0-1200-77</styleUrl>
        <Polygon>
          <outerBoundaryIs>
            <LinearRing>
              <tessellate>1</tessellate>
              <coordinates>
                -70.6049072,-33.4541405,0
                -70.6053296,-33.4540925,0
                -70.6059653,-33.4540298,0
                -70.6069899,-33.4539269,0
                -70.6076417,-33.4538575,0
                -70.6082908,-33.4537926,0
                -70.6088782,-33.4537165,0
                -70.609192,-33.4536785,0
                -70.6099538,-33.45358,0
                -70.6111264,-33.4534373,0
                -70.611488,-33.453401,0
                -70.6124996,-33.4532874,0
                -70.6134674,-33.4531683,0
                -70.6140381,-33.4530945,0
                -70.6142882,-33.4530765,0
                -70.6146288,-33.4530452,0
                -70.6150842,-33.4530161,0
                -70.6154576,-33.4530139,0
                -70.6159217,-33.4530094,0
                -70.6161255,-33.4530049,0
                -70.6168095,-33.4529892,0
                -70.6171582,-33.4529915,0
                -70.6172976,-33.4529959,0
                -70.6177691,-33.4530329,0
                -70.6177858,-33.4531347,0
                -70.6178099,-33.4532913,0
                -70.617818,-33.4534883,0
                -70.617826,-33.4536114,0
                -70.6178368,-33.4538866,0
                -70.6178895,-33.4544045,0
                -70.6179494,-33.4547258,0
                -70.6179816,-33.4548511,0
                -70.6180352,-33.4551443,0
                -70.6180916,-33.4554218,0
                -70.6181282,-33.4556263,0
                -70.618147,-33.4558434,0
                -70.6178124,-33.4558708,0
                -70.6176517,-33.4561132,0
                -70.617641,-33.4561714,0
                -70.61763,-33.4562893,0
                -70.6176115,-33.4563303,0
                -70.6175039,-33.4565959,0
                -70.6174449,-33.4566921,0
                -70.6171901,-33.4571262,0
                -70.6168656,-33.4577796,0
                -70.6163696,-33.4578184,0
                -70.615801,-33.4578878,0
                -70.6152431,-33.4579505,0
                -70.6142828,-33.4580221,0
                -70.6134728,-33.4581116,0
                -70.6126011,-33.4581899,0
                -70.6118018,-33.4582727,0
                -70.6109006,-33.4583711,0
                -70.6100986,-33.458445,0
                -70.6096587,-33.4585099,0
                -70.6095541,-33.4585121,0
                -70.6090096,-33.4585546,0
                -70.6078697,-33.4586553,0
                -70.6074298,-33.4586867,0
                -70.6069121,-33.4587381,0
                -70.6063891,-33.4587896,0
                -70.6056837,-33.4588679,0
                -70.6055764,-33.4582324,0
                -70.6055362,-33.4579773,0
                -70.6054128,-33.4571919,0
                -70.6053404,-33.4567734,0
                -70.6052384,-33.4561244,0
                -70.6051285,-33.4553233,0
                -70.6050104,-33.4547146,0
                -70.6049072,-33.4541405,0
              </coordinates>
            </LinearRing>
          </outerBoundaryIs>
        </Polygon>
      </Placemark>
      <Placemark>
        <name>Parque del Deporte</name>
        <description><![CDATA[Unidad Vecinal Parque del Deporte<br>Junta de Vecinos Parque del Deporte]]></description>
        <styleUrl>#poly-F57C00-1200-77</styleUrl>
        <Polygon>
          <outerBoundaryIs>
            <LinearRing>
              <tessellate>1</tessellate>
              <coordinates>
                -70.6056837,-33.4588679,0
                -70.6060533,-33.458821,0
                -70.6063891,-33.4587896,0
                -70.6069706,-33.4587292,0
                -70.6075982,-33.4586755,0
                -70.6077538,-33.4586621,0
                -70.6085705,-33.4585938,0
                -70.6089621,-33.4585603,0
                -70.6095254,-33.4585155,0
                -70.6096587,-33.4585099,0
                -70.609748,-33.4585043,0
                -70.6099116,-33.4584752,0
                -70.6101182,-33.4584439,0
                -70.6104266,-33.4584148,0
                -70.6109006,-33.4583711,0
                -70.6117838,-33.4582738,0
                -70.6125724,-33.4581978,0
                -70.6130793,-33.4581463,0
                -70.6134728,-33.4581116,0
                -70.613825,-33.4580747,0
                -70.6142828,-33.4580221,0
                -70.6147825,-33.4579896,0
                -70.6153029,-33.4579449,0
                -70.6158876,-33.4578778,0
                -70.6163696,-33.4578184,0
                -70.6168656,-33.4577796,0
                -70.6166037,-33.4582805,0
                -70.616196,-33.4590347,0
                -70.6159198,-33.4595404,0
                -70.6156945,-33.4599857,0
                -70.6154477,-33.4604601,0
                -70.6151875,-33.460977,0
                -70.6150445,-33.4612443,0
                -70.6149801,-33.4613651,0
                -70.6149801,-33.4614345,0
                -70.6150445,-33.4616672,0
                -70.6150561,-33.4618295,0
                -70.6150615,-33.4621338,0
                -70.6150829,-33.4626395,0
                -70.6150668,-33.4631094,0
                -70.6150239,-33.4636666,0
                -70.6149756,-33.4645303,0
                -70.6149461,-33.4649711,0
                -70.6149247,-33.4653023,0
                -70.6148657,-33.4655909,0
                -70.6148576,-33.4656737,0
                -70.6147852,-33.4659243,0
                -70.6146699,-33.4661928,0
                -70.614525,-33.4665083,0
                -70.614281,-33.4670274,0
                -70.6140986,-33.4674413,0
                -70.6140181,-33.4676382,0
                -70.6139832,-33.4677456,0
                -70.6139591,-33.4681036,0
                -70.6138867,-33.4692291,0
                -70.6138572,-33.4698668,0
                -70.6138518,-33.4702494,0
                -70.6138438,-33.4706387,0
                -70.6136077,-33.4706297,0
                -70.6132376,-33.4706029,0
                -70.6125402,-33.4705581,0
                -70.6122371,-33.4705357,0
                -70.61158,-33.4704955,0
                -70.6113225,-33.4704932,0
                -70.6109175,-33.4704753,0
                -70.6105017,-33.4704462,0
                -70.6097775,-33.470406,0
                -70.609233,-33.4703814,0
                -70.6087315,-33.47035,0
                -70.6083828,-33.4703456,0
                -70.6079804,-33.470321,0
                -70.6077685,-33.4703098,0
                -70.607436,-33.4702807,0
                -70.6069397,-33.4702538,0
                -70.6065696,-33.4702583,0
                -70.606575,-33.470001,0
                -70.6066072,-33.4691866,0
                -70.6066259,-33.4686809,0
                -70.6066527,-33.4683386,0
                -70.6066662,-33.4678978,0
                -70.6066903,-33.4675689,0
                -70.6067037,-33.4674011,0
                -70.6067278,-33.4669827,0
                -70.60676,-33.4665866,0
                -70.6067788,-33.4661973,0
                -70.6067681,-33.465978,0
                -70.6067681,-33.4658035,0
                -70.6067359,-33.4655417,0
                -70.6067118,-33.4653336,0
                -70.6066393,-33.4649532,0
                -70.6066072,-33.4647675,0
                -70.6065616,-33.4644005,0
                -70.6065079,-33.4640403,0
                -70.6064382,-33.4636577,0
                -70.6063899,-33.4633623,0
                -70.606347,-33.4631408,0
                -70.6063094,-33.4629394,0
                -70.6062504,-33.462597,0
                -70.6062209,-33.4622882,0
                -70.606186,-33.4619951,0
                -70.6060948,-33.4613798,0
                -70.6060037,-33.4610307,0
                -70.6059125,-33.46061,0
                -70.6058642,-33.4601848,0
                -70.605773,-33.4596299,0
                -70.6056837,-33.4588679,0
              </coordinates>
            </LinearRing>
          </outerBoundaryIs>
        </Polygon>
      </Placemark>
      <Placemark>
        <name>Los Tres Antonios
</name>
        <description><![CDATA[Unidad Vecinal Los Tres Antonios<br>Junta de Vecinos Los Tres Antonios]]></description>
        <styleUrl>#poly-FFEA00-1200-77</styleUrl>
        <Polygon>
          <outerBoundaryIs>
            <LinearRing>
              <tessellate>1</tessellate>
              <coordinates>
                -70.5981307,-33.4548784,0
                -70.5987806,-33.4547997,0
                -70.5998186,-33.4546587,0
                -70.6003952,-33.4545848,0
                -70.6008673,-33.4545289,0
                -70.6016505,-33.4544595,0
                -70.602187,-33.4544125,0
                -70.6023881,-33.4543901,0
                -70.6028468,-33.4543454,0
                -70.6033662,-33.4542882,0
                -70.6034422,-33.4542715,0
                -70.6039867,-33.4542268,0
                -70.6043408,-33.454191,0
                -70.6049072,-33.4541405,0
                -70.6049657,-33.4544707,0
                -70.6050301,-33.4548019,0
                -70.605132,-33.4553434,0
                -70.6052038,-33.4558721,0
                -70.6052239,-33.4560131,0
                -70.6053044,-33.4565703,0
                -70.6053404,-33.4567734,0
                -70.6054398,-33.457367,0
                -70.6054733,-33.4575672,0
                -70.6055082,-33.4577899,0
                -70.6055417,-33.4580114,0
                -70.6055779,-33.4582229,0
                -70.605641,-33.4586201,0
                -70.6056837,-33.4588679,0
                -70.6057509,-33.4594559,0
                -70.6057764,-33.4596528,0
                -70.6057804,-33.4596953,0
                -70.605814,-33.459881,0
                -70.6058502,-33.4601115,0
                -70.605873,-33.4602738,0
                -70.6059119,-33.4605848,0
                -70.6058207,-33.4605803,0
                -70.6057952,-33.4605758,0
                -70.6057067,-33.4605266,0
                -70.6056356,-33.4604964,0
                -70.6052896,-33.4603644,0
                -70.6047639,-33.4601574,0
                -70.6045808,-33.4600931,0
                -70.6040511,-33.4598861,0
                -70.6036809,-33.4597406,0
                -70.603347,-33.4596131,0
                -70.6032974,-33.4596086,0
                -70.6032464,-33.4596052,0
                -70.6032263,-33.4595213,0
                -70.6031137,-33.4588735,0
                -70.6031009,-33.4585149,0
                -70.6025698,-33.4585485,0
                -70.6019422,-33.4586,0
                -70.6015506,-33.4586358,0
                -70.6011805,-33.4586962,0
                -70.6001371,-33.4589848,0
                -70.5999574,-33.4590095,0
                -70.5996194,-33.4590318,0
                -70.5990374,-33.4590676,0
                -70.5984285,-33.4590922,0
                -70.5979967,-33.4591124,0
                -70.5979672,-33.4585462,0
                -70.5979403,-33.4580987,0
                -70.5979189,-33.457584,0
                -70.5978894,-33.456991,0
                -70.5978787,-33.4564562,0
                -70.5978492,-33.4560668,0
                -70.597825,-33.4557513,0
                -70.597825,-33.455485,0
                -70.5978572,-33.4553395,0
                -70.5979725,-33.455118,0
                -70.5981307,-33.4548784,0
              </coordinates>
            </LinearRing>
          </outerBoundaryIs>
        </Polygon>
      </Placemark>
      <Placemark>
        <name>Villa Alemana/Yugoslavia</name>
        <description><![CDATA[Unidad Vecinal Villas Unidas<br>Junta de Vecinos Villa Alemana<br>Junta de Vecinos Villa Yugoslavia<br>Junta de Vecinos Villas Unidas]]></description>
        <styleUrl>#poly-7CB342-1200-77</styleUrl>
        <Polygon>
          <outerBoundaryIs>
            <LinearRing>
              <tessellate>1</tessellate>
              <coordinates>
                -70.5999574,-33.4590095,0
                -70.6001206,-33.45899,0
                -70.6001662,-33.4589766,0
                -70.6003097,-33.4589408,0
                -70.6006007,-33.4588557,0
                -70.6009132,-33.4587707,0
                -70.601235,-33.4586868,0
                -70.6013544,-33.4586677,0
                -70.6015958,-33.4586319,0
                -70.6017218,-33.4586196,0
                -70.6021282,-33.4585816,0
                -70.6024434,-33.4585603,0
                -70.6025936,-33.458548,0
                -70.6031009,-33.4585149,0
                -70.6031137,-33.4588735,0
                -70.603122,-33.4589217,0
                -70.6031863,-33.4592954,0
                -70.6032464,-33.4596052,0
                -70.603347,-33.4596131,0
                -70.6033741,-33.4596266,0
                -70.6034344,-33.4596467,0
                -70.6036007,-33.4597116,0
                -70.6040098,-33.4598683,0
                -70.6042659,-33.4599701,0
                -70.6046307,-33.4601122,0
                -70.6050371,-33.4602644,0
                -70.6054957,-33.4604422,0
                -70.6057067,-33.4605266,0
                -70.6057952,-33.4605758,0
                -70.6059119,-33.4605848,0
                -70.6059125,-33.46061,0
                -70.6060107,-33.4610576,0
                -70.6060948,-33.4613798,0
                -70.6061233,-33.46157,0
                -70.606181,-33.4619504,0
                -70.6062209,-33.4622882,0
                -70.6060818,-33.4622973,0
                -70.6058873,-33.4623185,0
                -70.6056714,-33.4623454,0
                -70.6055842,-33.4623677,0
                -70.6054421,-33.4624002,0
                -70.605198,-33.462464,0
                -70.6049043,-33.4625691,0
                -70.6045891,-33.4627123,0
                -70.6042243,-33.4629048,0
                -70.6037992,-33.4631509,0
                -70.6032601,-33.4634586,0
                -70.6029664,-33.4636421,0
                -70.602155,-33.4640538,0
                -70.601868,-33.4641869,0
                -70.6015046,-33.4643424,0
                -70.6013061,-33.464414,0
                -70.6010848,-33.4644912,0
                -70.600889,-33.464536,0
                -70.6007053,-33.4645707,0
                -70.6004558,-33.4645942,0
                -70.60026,-33.4646042,0
                -70.600248,-33.4644968,0
                -70.6002346,-33.4642328,0
                -70.6001903,-33.4635906,0
                -70.6001729,-33.4633389,0
                -70.600138,-33.4626665,0
                -70.6001206,-33.4623264,0
                -70.6000964,-33.4618889,0
                -70.600083,-33.4616853,0
                -70.6000548,-33.4611326,0
                -70.6000374,-33.4609502,0
                -70.600032,-33.4606582,0
                -70.6000227,-33.4603035,0
                -70.6000066,-33.460026,0
                -70.6000012,-33.459696,0
                -70.5999918,-33.4594935,0
                -70.599973,-33.4593368,0
                -70.5999596,-33.4591992,0
                -70.5999583,-33.4591231,0
                -70.5999574,-33.4590095,0
              </coordinates>
            </LinearRing>
          </outerBoundaryIs>
        </Polygon>
      </Placemark>
      <Placemark>
        <name>Plaza Ñuñoa Sur</name>
        <description><![CDATA[Unidad Vecinal Plaza Ñuñoa<br>Junta de Vecinos Plaza Ñuñoa Sur]]></description>
        <styleUrl>#poly-0097A7-1200-77</styleUrl>
        <Polygon>
          <outerBoundaryIs>
            <LinearRing>
              <tessellate>1</tessellate>
              <coordinates>
                -70.588403,-33.4555491,0
                -70.5891393,-33.4555189,0
                -70.5897234,-33.4554835,0
                -70.5908365,-33.4554186,0
                -70.5919315,-33.4553421,0
                -70.592478,-33.4553269,0
                -70.5932531,-33.455317,0
                -70.5941637,-33.4552913,0
                -70.5949403,-33.4552463,0
                -70.5952702,-33.4552217,0
                -70.5958481,-33.4551716,0
                -70.5963779,-33.4551165,0
                -70.5968259,-33.4550673,0
                -70.5974079,-33.4550002,0
                -70.5976519,-33.4549668,0
                -70.5978692,-33.4549107,0
                -70.5981307,-33.4548784,0
                -70.5979283,-33.4552038,0
                -70.5978572,-33.4553395,0
                -70.597825,-33.455485,0
                -70.5978263,-33.4556223,0
                -70.5978478,-33.4560408,0
                -70.5978746,-33.4563988,0
                -70.5978847,-33.4566455,0
                -70.5979008,-33.4572027,0
                -70.5979222,-33.4576726,0
                -70.597941,-33.4579412,0
                -70.5979571,-33.4584178,0
                -70.5979967,-33.4591124,0
                -70.5971015,-33.4591205,0
                -70.596734,-33.4591205,0
                -70.5960474,-33.4591428,0
                -70.5949584,-33.4591809,0
                -70.5939727,-33.4592133,0
                -70.5933987,-33.4592357,0
                -70.5923473,-33.4592872,0
                -70.5918966,-33.4593028,0
                -70.5913146,-33.4593364,0
                -70.5910812,-33.4593476,0
                -70.5902819,-33.4593812,0
                -70.5897053,-33.4594102,0
                -70.5889864,-33.4594416,0
                -70.5889328,-33.4589291,0
                -70.5888416,-33.4584055,0
                -70.588737,-33.4577319,0
                -70.5886726,-33.4571479,0
                -70.5885305,-33.4567071,0
                -70.5885117,-33.4563378,0
                -70.5884634,-33.4560178,0
                -70.5884285,-33.4556598,0
                -70.588403,-33.4555491,0
              </coordinates>
            </LinearRing>
          </outerBoundaryIs>
        </Polygon>
      </Placemark>
      <Placemark>
        <name>Universidad</name>
        <description><![CDATA[Unidad Vecinal Universidad<br>Junta de Vecinos Universidad]]></description>
        <styleUrl>#poly-3949AB-1200-77</styleUrl>
        <Polygon>
          <outerBoundaryIs>
            <LinearRing>
              <tessellate>1</tessellate>
              <coordinates>
                -70.5902819,-33.4593812,0
                -70.5907311,-33.4593624,0
                -70.5912957,-33.4593378,0
                -70.5915519,-33.4593233,0
                -70.5918966,-33.4593028,0
                -70.5923351,-33.4592863,0
                -70.592492,-33.4592796,0
                -70.5931223,-33.4592505,0
                -70.5939727,-33.4592133,0
                -70.5944084,-33.4591991,0
                -70.5949422,-33.4591789,0
                -70.5958689,-33.4591498,0
                -70.5961036,-33.4591409,0
                -70.596734,-33.4591205,0
                -70.596927,-33.4591219,0
                -70.5975439,-33.4591163,0
                -70.5979967,-33.4591124,0
                -70.5980629,-33.4591096,0
                -70.5985498,-33.4590894,0
                -70.598826,-33.4590771,0
                -70.5991144,-33.4590648,0
                -70.5993551,-33.459043,0
                -70.5999574,-33.4590095,0
                -70.5999596,-33.4591992,0
                -70.5999666,-33.459307,0
                -70.5999918,-33.4594935,0
                -70.5999988,-33.4597165,0
                -70.6000069,-33.4600611,0
                -70.6000203,-33.4602357,0
                -70.6000283,-33.4605042,0
                -70.6000364,-33.4607973,0
                -70.6000659,-33.4613388,0
                -70.600083,-33.4616853,0
                -70.6000964,-33.4618889,0
                -70.6001329,-33.4626188,0
                -70.6001544,-33.4630059,0
                -70.6001758,-33.4634176,0
                -70.6002188,-33.4640016,0
                -70.6002375,-33.4642813,0
                -70.600248,-33.4644968,0
                -70.60026,-33.4646042,0
                -70.5997467,-33.4645968,0
                -70.5989072,-33.4646013,0
                -70.5983117,-33.4646013,0
                -70.5978396,-33.4646013,0
                -70.5963001,-33.4646371,0
                -70.5957314,-33.4646639,0
                -70.5950126,-33.4646908,0
                -70.5942777,-33.4647109,0
                -70.5941248,-33.4647311,0
                -70.5939156,-33.4647624,0
                -70.5933335,-33.4648452,0
                -70.5928025,-33.4649056,0
                -70.5919281,-33.4650108,0
                -70.5915096,-33.4650645,0
                -70.5910912,-33.4651271,0
                -70.5910697,-33.4650421,0
                -70.5909786,-33.4644961,0
                -70.5908418,-33.4638539,0
                -70.5908283,-33.4637353,0
                -70.5907291,-33.4629768,0
                -70.5906674,-33.4626322,0
                -70.5906084,-33.4621824,0
                -70.5905601,-33.4618132,0
                -70.5904743,-33.4612292,0
                -70.5904046,-33.4606832,0
                -70.5903616,-33.4602894,0
                -70.5903214,-33.4598978,0
                -70.5902819,-33.4593812,0
              </coordinates>
            </LinearRing>
          </outerBoundaryIs>
        </Polygon>
      </Placemark>
      <Placemark>
        <name>Parque Juan XXIII
</name>
        <description><![CDATA[Unidad Vecinal Parque Juan XXIII<br>Junta de Vecinos Parque Juan XXIII]]></description>
        <styleUrl>#poly-9C27B0-1200-77</styleUrl>
        <Polygon>
          <outerBoundaryIs>
            <LinearRing>
              <tessellate>1</tessellate>
              <coordinates>
                -70.5828334,-33.4548263,0
                -70.5832304,-33.4548711,0
                -70.5835874,-33.4549382,0
                -70.5839495,-33.4550142,0
                -70.5842378,-33.4550747,0
                -70.5846053,-33.4551608,0
                -70.585186,-33.4552962,0
                -70.5854515,-33.4553689,0
                -70.5858415,-33.4554283,0
                -70.585981,-33.4554607,0
                -70.5861355,-33.4554696,0
                -70.586456,-33.455492,0
                -70.5868812,-33.4555088,0
                -70.5873425,-33.4555301,0
                -70.5879701,-33.455548,0
                -70.588403,-33.4555491,0
                -70.5884285,-33.4556598,0
                -70.5884422,-33.4557997,0
                -70.5884583,-33.4559877,0
                -70.588473,-33.456094,0
                -70.5885117,-33.4563378,0
                -70.588524,-33.4565874,0
                -70.5885307,-33.4566959,0
                -70.5886005,-33.4569253,0
                -70.5886756,-33.457158,0
                -70.5887144,-33.4575295,0
                -70.588737,-33.4577319,0
                -70.5887507,-33.4578361,0
                -70.5887667,-33.4579189,0
                -70.5887976,-33.4581348,0
                -70.5888271,-33.4583194,0
                -70.5888794,-33.4586271,0
                -70.5889317,-33.4589191,0
                -70.5889558,-33.4591698,0
                -70.5889864,-33.4594416,0
                -70.5897053,-33.4594102,0
                -70.5899469,-33.459398,0
                -70.5902819,-33.4593812,0
                -70.5902929,-33.4595222,0
                -70.5903077,-33.459727,0
                -70.5903305,-33.4599854,0
                -70.5903546,-33.4602271,0
                -70.5903774,-33.4604162,0
                -70.5903962,-33.460612,0
                -70.590419,-33.4607865,0
                -70.5904337,-33.4609163,0
                -70.5904632,-33.4611434,0
                -70.5904834,-33.461281,0
                -70.5905129,-33.4614925,0
                -70.5905544,-33.4617845,0
                -70.5905799,-33.4619579,0
                -70.5906041,-33.4621548,0
                -70.5906269,-33.4623238,0
                -70.590651,-33.462514,0
                -70.5906751,-33.4626818,0
                -70.5906953,-33.4627903,0
                -70.5907291,-33.4629768,0
                -70.5907462,-33.4631181,0
                -70.5907704,-33.4632927,0
                -70.5908025,-33.4635477,0
                -70.5908374,-33.4638308,0
                -70.5909045,-33.4641373,0
                -70.5909786,-33.4644961,0
                -70.5910912,-33.4651271,0
                -70.5904304,-33.4651996,0
                -70.590012,-33.4652511,0
                -70.5892663,-33.4653294,0
                -70.5883114,-33.4654614,0
                -70.5878501,-33.4655241,0
                -70.5870508,-33.465636,0
                -70.5865036,-33.4656941,0
                -70.5858948,-33.4657769,0
                -70.58564,-33.4658261,0
                -70.5855917,-33.4656113,0
                -70.5854898,-33.4651236,0
                -70.5853449,-33.4645507,0
                -70.5853154,-33.4643225,0
                -70.5852457,-33.4640092,0
                -70.5852269,-33.463734,0
                -70.5851786,-33.4635595,0
                -70.5851223,-33.4632462,0
                -70.5850794,-33.4629441,0
                -70.5849909,-33.4625011,0
                -70.5848943,-33.4620871,0
                -70.5847817,-33.4616396,0
                -70.5846717,-33.4610891,0
                -70.5846207,-33.4608027,0
                -70.5845456,-33.4604559,0
                -70.5845295,-33.460259,0
                -70.5845081,-33.4599502,0
                -70.5844061,-33.4595317,0
                -70.584213,-33.4586948,0
                -70.5841272,-33.4582898,0
                -70.5839394,-33.4575827,0
                -70.5838134,-33.4570724,0
                -70.5835961,-33.4561885,0
                -70.5835586,-33.4559715,0
                -70.583454,-33.4556492,0
                -70.5833708,-33.4554523,0
                -70.5832635,-33.4553225,0
                -70.5830463,-33.45513,0
                -70.5828961,-33.4549644,0
                -70.5828334,-33.4548263,0
              </coordinates>
            </LinearRing>
          </outerBoundaryIs>
        </Polygon>
      </Placemark>
      <Placemark>
        <name>Parque Ramón Cruz</name>
        <description><![CDATA[Unidad Vecinal Parque Ramón Cruz<br>Junta de Vecinos Parque Ramón Cruz]]></description>
        <styleUrl>#poly-F57C00-1200-77</styleUrl>
        <Polygon>
          <outerBoundaryIs>
            <LinearRing>
              <tessellate>1</tessellate>
              <coordinates>
                -70.580056,-33.4545445,0
                -70.5805039,-33.4545779,0
                -70.5806782,-33.4545979,0
                -70.5817176,-33.4547088,0
                -70.5828334,-33.4548263,0
                -70.5828961,-33.4549644,0
                -70.583001,-33.4550947,0
                -70.5832635,-33.4553225,0
                -70.5833708,-33.4554523,0
                -70.583465,-33.4556877,0
                -70.5835482,-33.4559473,0
                -70.5835961,-33.4561885,0
                -70.583693,-33.4566119,0
                -70.5837896,-33.4569879,0
                -70.5838647,-33.4572922,0
                -70.5839317,-33.4575473,0
                -70.5841272,-33.4582898,0
                -70.5842616,-33.4589056,0
                -70.5843502,-33.4592882,0
                -70.5845081,-33.4599502,0
                -70.5836555,-33.4601162,0
                -70.5828857,-33.4602885,0
                -70.5825638,-33.4603556,0
                -70.5815633,-33.4605839,0
                -70.5813729,-33.4606241,0
                -70.5807292,-33.4607316,0
                -70.5797689,-33.4609464,0
                -70.5796456,-33.4604809,0
                -70.5794954,-33.4599394,0
                -70.5793398,-33.4593643,0
                -70.5792768,-33.4591193,0
                -70.580406,-33.4589067,0
                -70.5804811,-33.458909,0
                -70.5803872,-33.4583898,0
                -70.5803309,-33.4580072,0
                -70.5802799,-33.4576334,0
                -70.5801941,-33.457074,0
                -70.5801324,-33.456566,0
                -70.5800251,-33.4559283,0
                -70.5799634,-33.4554852,0
                -70.579958,-33.4552211,0
                -70.5799795,-33.4550197,0
                -70.5800171,-33.4547758,0
                -70.580056,-33.4545445,0
              </coordinates>
            </LinearRing>
          </outerBoundaryIs>
        </Polygon>
      </Placemark>
      <Placemark>
        <name>Contramaestre Micalvi</name>
        <description><![CDATA[Unidad Vecinal Contramaestre Micalvi<br>Junta de Vecinos Contramaestre Micalvi]]></description>
        <styleUrl>#poly-FFEA00-1200-77</styleUrl>
        <Polygon>
          <outerBoundaryIs>
            <LinearRing>
              <tessellate>1</tessellate>
              <coordinates>
                -70.5707917,-33.4534748,0
                -70.5715417,-33.4534763,0
                -70.5719038,-33.4534719,0
                -70.5726494,-33.4534181,0
                -70.5735667,-33.45336,0
                -70.574182,-33.4533495,0
                -70.5745618,-33.45336,0
                -70.5748274,-33.4534428,0
                -70.5753021,-33.4537337,0
                -70.5757098,-33.4540336,0
                -70.5760166,-33.4541909,0
                -70.57614,-33.4542312,0
                -70.5765011,-33.4543021,0
                -70.5770751,-33.4543446,0
                -70.578223,-33.454414,0
                -70.5789027,-33.4544461,0
                -70.580056,-33.4545445,0
                -70.5799799,-33.4549913,0
                -70.579958,-33.4552211,0
                -70.5799665,-33.455506,0
                -70.5800436,-33.4560437,0
                -70.5801401,-33.4566389,0
                -70.5802555,-33.4574445,0
                -70.5803172,-33.4578988,0
                -70.5804811,-33.458909,0
                -70.5802582,-33.4589326,0
                -70.5792768,-33.4591193,0
                -70.5793918,-33.4595547,0
                -70.5795635,-33.4601924,0
                -70.5797689,-33.4609464,0
                -70.5793623,-33.4610383,0
                -70.5787159,-33.4611748,0
                -70.577128,-33.4615619,0
                -70.5763341,-33.4617678,0
                -70.5753873,-33.4620094,0
                -70.5746389,-33.4621929,0
                -70.574132,-33.4623294,0
                -70.5739228,-33.4624055,0
                -70.5737692,-33.4621151,0
                -70.5735171,-33.4616956,0
                -70.5732542,-33.4611507,0
                -70.5729056,-33.4604369,0
                -70.5727419,-33.4600856,0
                -70.5725891,-33.459647,0
                -70.5724791,-33.4592979,0
                -70.572404,-33.4590518,0
                -70.5722752,-33.4587698,0
                -70.5720231,-33.4580918,0
                -70.5719212,-33.4577114,0
                -70.5717817,-33.4571564,0
                -70.5716905,-33.4568096,0
                -70.571543,-33.4562188,0
                -70.5714518,-33.4558809,0
                -70.5713257,-33.4554065,0
                -70.5711568,-33.4547911,0
                -70.570961,-33.4542271,0
                -70.5708429,-33.453784,0
                -70.5707893,-33.4535759,0
                -70.5707917,-33.4534748,0
              </coordinates>
            </LinearRing>
          </outerBoundaryIs>
        </Polygon>
      </Placemark>
      <Placemark>
        <name>Villa Presidente Frei</name>
        <description><![CDATA[Unidad Vecinal Villa Presidente Frei<br>Junta de Vecinos Villa Presidente Frei]]></description>
        <styleUrl>#poly-7CB342-1200-77</styleUrl>
        <Polygon>
          <outerBoundaryIs>
            <LinearRing>
              <tessellate>1</tessellate>
              <coordinates>
                -70.5739228,-33.4624055,0
                -70.5743288,-33.4622711,0
                -70.5747311,-33.4621727,0
                -70.5751844,-33.4620586,0
                -70.5756591,-33.4619422,0
                -70.5762653,-33.4617856,0
                -70.577128,-33.4615619,0
                -70.57788,-33.4613716,0
                -70.5783655,-33.4612597,0
                -70.5789502,-33.4611277,0
                -70.5797689,-33.4609464,0
                -70.5807292,-33.4607316,0
                -70.5810772,-33.4606735,0
                -70.5815412,-33.4605929,0
                -70.582083,-33.4604653,0
                -70.5829306,-33.4602796,0
                -70.5834456,-33.4601655,0
                -70.5837916,-33.4600917,0
                -70.5845081,-33.4599502,0
                -70.5845078,-33.4598746,0
                -70.5845265,-33.4602125,0
                -70.5845373,-33.4604385,0
                -70.5845775,-33.460622,0
                -70.5846043,-33.4607272,0
                -70.5846419,-33.4609397,0
                -70.5846928,-33.4611836,0
                -70.5847787,-33.4616245,0
                -70.5848457,-33.4619154,0
                -70.5849101,-33.4621548,0
                -70.5849476,-33.4623092,0
                -70.5850361,-33.46275,0
                -70.5850898,-33.4629849,0
                -70.5851139,-33.4631796,0
                -70.5851354,-33.4633452,0
                -70.585181,-33.4635734,0
                -70.5852269,-33.463734,0
                -70.5852457,-33.4640092,0
                -70.5853154,-33.4643225,0
                -70.5853449,-33.4645507,0
                -70.5854898,-33.4651236,0
                -70.58564,-33.4658261,0
                -70.5857523,-33.4663905,0
                -70.5858301,-33.4667463,0
                -70.5858945,-33.467017,0
                -70.5859749,-33.4672318,0
                -70.5860125,-33.467375,0
                -70.585299,-33.4674824,0
                -70.5845829,-33.4675898,0
                -70.5841215,-33.4676681,0
                -70.583636,-33.4677397,0
                -70.5830138,-33.467818,0
                -70.5820669,-33.4679769,0
                -70.5818537,-33.4680161,0
                -70.5818108,-33.4677028,0
                -70.5817732,-33.467224,0
                -70.5817625,-33.4672195,0
                -70.5806789,-33.467582,0
                -70.579665,-33.4679579,0
                -70.5786136,-33.4683606,0
                -70.5775783,-33.46875,0
                -70.5773315,-33.4688708,0
                -70.5772028,-33.4689289,0
                -70.5770472,-33.4688395,0
                -70.5769184,-33.4687902,0
                -70.5766073,-33.4687455,0
                -70.5763713,-33.4687679,0
                -70.5762747,-33.4687858,0
                -70.5761138,-33.4683293,0
                -70.5757101,-33.4673907,0
                -70.5754338,-33.4666053,0
                -70.5749886,-33.465397,0
                -70.5747043,-33.464502,0
                -70.5742859,-33.4634056,0
                -70.5739228,-33.4624055,0
              </coordinates>
            </LinearRing>
          </outerBoundaryIs>
        </Polygon>
      </Placemark>
      <Placemark>
        <name>Villa Los Jardines</name>
        <description><![CDATA[Unidad Vecinal Villa Los Jardines<br>Junta de Vecinos Villa Los Jardines]]></description>
        <styleUrl>#poly-0097A7-1200-77</styleUrl>
        <Polygon>
          <outerBoundaryIs>
            <LinearRing>
              <tessellate>1</tessellate>
              <coordinates>
                -70.5762747,-33.4687858,0
                -70.5763713,-33.4687679,0
                -70.5766073,-33.4687455,0
                -70.5769184,-33.4687902,0
                -70.5770472,-33.4688395,0
                -70.5772028,-33.4689289,0
                -70.5775783,-33.46875,0
                -70.578084,-33.4685617,0
                -70.5793608,-33.4680694,0
                -70.5806789,-33.467582,0
                -70.5817732,-33.467224,0
                -70.5818537,-33.4680161,0
                -70.5824963,-33.4679016,0
                -70.5830138,-33.467818,0
                -70.5836067,-33.4677405,0
                -70.5841215,-33.4676681,0
                -70.5846286,-33.4675794,0
                -70.5851195,-33.4675078,0
                -70.5860125,-33.467375,0
                -70.5860288,-33.4674474,0
                -70.5861602,-33.4680448,0
                -70.5862769,-33.4684957,0
                -70.5863198,-33.4687105,0
                -70.5863627,-33.4690103,0
                -70.5864539,-33.4693772,0
                -70.5866792,-33.4702543,0
                -70.5868455,-33.4709479,0
                -70.587044,-33.4717802,0
                -70.5873216,-33.4728866,0
                -70.5873967,-33.4731864,0
                -70.5872036,-33.4732401,0
                -70.5870587,-33.473352,0
                -70.58693,-33.4734907,0
                -70.5868763,-33.4736697,0
                -70.5866725,-33.4736384,0
                -70.585841,-33.4735444,0
                -70.584811,-33.473428,0
                -70.5842585,-33.473343,0
                -70.5838186,-33.4731954,0
                -70.5832232,-33.4729135,0
                -70.5825312,-33.4725644,0
                -70.5817694,-33.4721527,0
                -70.5799562,-33.4711996,0
                -70.5783845,-33.4703763,0
                -70.5776442,-33.4700093,0
                -70.5773545,-33.4698482,0
                -70.5773062,-33.4699243,0
                -70.5772633,-33.4699601,0
                -70.5771131,-33.470072,0
                -70.5769092,-33.4701659,0
                -70.5766839,-33.4702062,0
                -70.5764479,-33.4701973,0
                -70.5762548,-33.4701436,0
                -70.5760885,-33.4700675,0
                -70.5759115,-33.4699377,0
                -70.5757773,-33.4697945,0
                -70.5757022,-33.4696558,0
                -70.5756862,-33.4694947,0
                -70.575713,-33.4693336,0
                -70.5757827,-33.469177,0
                -70.5758846,-33.4690517,0
                -70.5760563,-33.4689085,0
                -70.5762747,-33.4687858,0
              </coordinates>
            </LinearRing>
          </outerBoundaryIs>
        </Polygon>
      </Placemark>
      <Placemark>
        <name>Villa Lo Plaza</name>
        <description><![CDATA[Unidad Vecinal Villa Lo Plaza<br>Junta de Vecinos Villa Lo Plaza]]></description>
        <styleUrl>#poly-3949AB-1200-77</styleUrl>
        <Polygon>
          <outerBoundaryIs>
            <LinearRing>
              <tessellate>1</tessellate>
              <coordinates>
                -70.58564,-33.4658261,0
                -70.5858756,-33.4657756,0
                -70.5859695,-33.4657666,0
                -70.5865408,-33.4656839,0
                -70.5870508,-33.465636,0
                -70.5875037,-33.465572,0
                -70.5883114,-33.4654614,0
                -70.5883834,-33.4658517,0
                -70.5884679,-33.4662533,0
                -70.588645,-33.4668932,0
                -70.5887952,-33.4675555,0
                -70.588999,-33.4684998,0
                -70.5891921,-33.469256,0
                -70.5894483,-33.4702371,0
                -70.5894912,-33.4704117,0
                -70.5896468,-33.4706421,0
                -70.5898184,-33.4707719,0
                -70.5895261,-33.4708435,0
                -70.5896146,-33.4712395,0
                -70.5896199,-33.4712954,0
                -70.5895904,-33.4713268,0
                -70.5893222,-33.471376,0
                -70.5883566,-33.4715348,0
                -70.5884612,-33.4719845,0
                -70.5885041,-33.4721166,0
                -70.588539,-33.4723112,0
                -70.5885658,-33.4724544,0
                -70.5885337,-33.4724969,0
                -70.5884532,-33.4725305,0
                -70.5883539,-33.4725417,0
                -70.587839,-33.4726088,0
                -70.5872703,-33.4726848,0
                -70.5872328,-33.472517,0
                -70.5870128,-33.4716691,0
                -70.5869056,-33.4711746,0
                -70.5867795,-33.4706869,0
                -70.5867178,-33.4704385,0
                -70.5866507,-33.4701275,0
                -70.5865515,-33.4697516,0
                -70.5864308,-33.469284,0
                -70.5863584,-33.4689842,0
                -70.5863289,-33.4688231,0
                -70.5862769,-33.4684957,0
                -70.5861787,-33.4681295,0
                -70.5860982,-33.4677625,0
                -70.5860084,-33.4674101,0
                -70.5859493,-33.4671819,0
                -70.5858635,-33.4668865,0
                -70.58564,-33.4658261,0
              </coordinates>
            </LinearRing>
          </outerBoundaryIs>
        </Polygon>
      </Placemark>
      <Placemark>
        <name>Villa Los Presidentes</name>
        <description><![CDATA[Unidad Vecinal Villa Los Presidentes<br>Junta de Vecinos Villa Los Presidentes]]></description>
        <styleUrl>#poly-F57C00-1200-77</styleUrl>
        <Polygon>
          <outerBoundaryIs>
            <LinearRing>
              <tessellate>1</tessellate>
              <coordinates>
                -70.5883114,-33.4654614,0
                -70.5885628,-33.4654267,0
                -70.5892663,-33.4653294,0
                -70.590038,-33.4652477,0
                -70.5910912,-33.4651271,0
                -70.5919075,-33.465015,0
                -70.5922321,-33.4649747,0
                -70.5928892,-33.4648987,0
                -70.593254,-33.4648494,0
                -70.5936268,-33.4648002,0
                -70.5942777,-33.4647109,0
                -70.5942464,-33.4650217,0
                -70.5942384,-33.4652544,0
                -70.5942464,-33.4653999,0
                -70.5942652,-33.4657937,0
                -70.5943242,-33.4663285,0
                -70.5943403,-33.4666193,0
                -70.5943296,-33.4667849,0
                -70.5942759,-33.4669617,0
                -70.594115,-33.4671899,0
                -70.5938629,-33.4674853,0
                -70.5932379,-33.4681744,0
                -70.5925513,-33.4689441,0
                -70.5933398,-33.4694386,0
                -70.5925647,-33.4702754,0
                -70.5925378,-33.4703201,0
                -70.5925647,-33.4703626,0
                -70.5927551,-33.4704879,0
                -70.5922562,-33.4710473,0
                -70.591937,-33.4714097,0
                -70.5915562,-33.4718572,0
                -70.591127,-33.472374,0
                -70.5908668,-33.4726425,0
                -70.5907676,-33.4727656,0
                -70.5905718,-33.4726828,0
                -70.5892367,-33.4740862,0
                -70.5892391,-33.4740832,0
                -70.5889065,-33.4740608,0
                -70.5887375,-33.4740497,0
                -70.5886544,-33.4741548,0
                -70.5885605,-33.4742465,0
                -70.5884022,-33.474345,0
                -70.5882279,-33.4743853,0
                -70.5880643,-33.4744188,0
                -70.5877826,-33.4744233,0
                -70.5875144,-33.474392,0
                -70.5874554,-33.4743562,0
                -70.5872274,-33.4742555,0
                -70.5870558,-33.4741414,0
                -70.5869565,-33.4739982,0
                -70.586876,-33.4737946,0
                -70.5868763,-33.4736697,0
                -70.58693,-33.4734907,0
                -70.5870289,-33.473374,0
                -70.5872036,-33.4732401,0
                -70.5873967,-33.4731864,0
                -70.5872703,-33.4726848,0
                -70.5875734,-33.4726401,0
                -70.5878604,-33.4726066,0
                -70.5883352,-33.4725439,0
                -70.5884317,-33.4725394,0
                -70.5885337,-33.4724969,0
                -70.5885658,-33.4724544,0
                -70.5884988,-33.4720942,0
                -70.5884532,-33.4719667,0
                -70.5883566,-33.4715348,0
                -70.5895904,-33.4713268,0
                -70.5896199,-33.4712954,0
                -70.5895261,-33.4708435,0
                -70.5898184,-33.4707719,0
                -70.5896602,-33.4706556,0
                -70.5895609,-33.4705168,0
                -70.5894912,-33.4704117,0
                -70.5893598,-33.4699083,0
                -70.5892471,-33.4694809,0
                -70.5891479,-33.4691006,0
                -70.5890755,-33.4687873,0
                -70.5889896,-33.4684696,0
                -70.5889038,-33.4680624,0
                -70.5888287,-33.4677223,0
                -70.588767,-33.4674448,0
                -70.588657,-33.4669414,0
                -70.5885578,-33.4665789,0
                -70.588472,-33.4662724,0
                -70.5884237,-33.4660397,0
                -70.5883834,-33.4658517,0
                -70.5883114,-33.4654614,0
              </coordinates>
            </LinearRing>
          </outerBoundaryIs>
        </Polygon>
      </Placemark>
      <Placemark>
        <name>Villa Los Alerces</name>
        <description><![CDATA[Unidad Vecinal Villa Los Alerces<br>Junta de Vecinos Villa Los Alerces]]></description>
        <styleUrl>#poly-FFEA00-1200-77</styleUrl>
        <Polygon>
          <outerBoundaryIs>
            <LinearRing>
              <tessellate>1</tessellate>
              <coordinates>
                -70.5933398,-33.4694386,0
                -70.5939272,-33.4697961,0
                -70.5952603,-33.4705949,0
                -70.5959791,-33.4710289,0
                -70.5965451,-33.4709976,0
                -70.5969849,-33.4709842,0
                -70.5977816,-33.4709775,0
                -70.5986372,-33.4709663,0
                -70.5986828,-33.4715681,0
                -70.5987123,-33.4722572,0
                -70.5987337,-33.472924,0
                -70.5987874,-33.4736735,0
                -70.5978889,-33.4736041,0
                -70.5969689,-33.4735303,0
                -70.5966631,-33.4735124,0
                -70.5960489,-33.4735258,0
                -70.5950028,-33.4735862,0
                -70.5935276,-33.4736578,0
                -70.5921784,-33.4737496,0
                -70.5914328,-33.4738211,0
                -70.5903411,-33.4739688,0
                -70.5895204,-33.4740852,0
                -70.5892367,-33.4740862,0
                -70.5905718,-33.4726828,0
                -70.5907676,-33.4727656,0
                -70.591009,-33.4724944,0
                -70.5911833,-33.4723109,0
                -70.5915401,-33.4718769,0
                -70.5916822,-33.4717091,0
                -70.5922267,-33.4710804,0
                -70.5927551,-33.4704879,0
                -70.5925647,-33.4703626,0
                -70.5925378,-33.4703201,0
                -70.5925942,-33.4702458,0
                -70.5933398,-33.4694386,0
              </coordinates>
            </LinearRing>
          </outerBoundaryIs>
        </Polygon>
      </Placemark>
      <Placemark>
        <name>José Pedro Alessandri</name>
        <description><![CDATA[Unidad Vecinal José Pedro Alessandri<br>Junta de Vecinos José Pedro Alessandri]]></description>
        <styleUrl>#poly-7CB342-1200-77</styleUrl>
        <Polygon>
          <outerBoundaryIs>
            <LinearRing>
              <tessellate>1</tessellate>
              <coordinates>
                -70.5942777,-33.4647109,0
                -70.5945415,-33.4647011,0
                -70.5952227,-33.4646832,0
                -70.5958128,-33.4646586,0
                -70.5962286,-33.4646385,0
                -70.5968696,-33.4646251,0
                -70.5976045,-33.4646094,0
                -70.5978218,-33.4646005,0
                -70.5983117,-33.4646013,0
                -70.5987633,-33.4645982,0
                -70.599179,-33.4646005,0
                -70.5998227,-33.4645982,0
                -70.60026,-33.4646042,0
                -70.600268,-33.46469,0
                -70.600268,-33.465039,0
                -70.6002787,-33.4652538,0
                -70.6003002,-33.4658401,0
                -70.6003323,-33.4663077,0
                -70.6003404,-33.4666769,0
                -70.6003806,-33.4671557,0
                -70.6003967,-33.4677308,0
                -70.6004289,-33.4683416,0
                -70.6004658,-33.4689921,0
                -70.600502,-33.4696555,0
                -70.6005409,-33.4702898,0
                -70.6005556,-33.4705662,0
                -70.6005851,-33.4708593,0
                -70.600439,-33.4708884,0
                -70.6002458,-33.4708984,0
                -70.5998314,-33.470923,0
                -70.5994103,-33.4709376,0
                -70.5989919,-33.4709555,0
                -70.5986372,-33.4709663,0
                -70.5983093,-33.4709711,0
                -70.5979418,-33.4709767,0
                -70.5973491,-33.4709823,0
                -70.5970232,-33.4709846,0
                -70.5967482,-33.4709924,0
                -70.5959791,-33.4710289,0
                -70.5957625,-33.470904,0
                -70.5955386,-33.4707698,0
                -70.5951885,-33.4705505,0
                -70.5947312,-33.4702887,0
                -70.5944067,-33.4700829,0
                -70.5940929,-33.4698949,0
                -70.5933398,-33.4694386,0
                -70.5925513,-33.4689441,0
                -70.592904,-33.4685519,0
                -70.5936925,-33.4676793,0
                -70.594115,-33.4671899,0
                -70.5942773,-33.4669901,0
                -70.5943296,-33.4667849,0
                -70.5943403,-33.4666193,0
                -70.5943148,-33.4663592,0
                -70.5942826,-33.4659654,0
                -70.5942504,-33.4654418,0
                -70.5942464,-33.4650217,0
                -70.5942777,-33.4647109,0
              </coordinates>
            </LinearRing>
          </outerBoundaryIs>
        </Polygon>
      </Placemark>
      <Placemark>
        <name>Dr. Luis Bisquert</name>
        <description><![CDATA[Unidad Vecinal Dr. Luis Bisquert<br>Junta de Vecinos Dr. Luis Bisquert<br>Junta de Vecinos 21 de Mayo]]></description>
        <styleUrl>#poly-0097A7-1200-77</styleUrl>
        <Polygon>
          <outerBoundaryIs>
            <LinearRing>
              <tessellate>1</tessellate>
              <coordinates>
                -70.60026,-33.4646042,0
                -70.6004839,-33.4646009,0
                -70.6007655,-33.4645584,0
                -70.6010848,-33.4644912,0
                -70.6014039,-33.4643772,0
                -70.6015702,-33.46431,0
                -70.6022407,-33.464008,0
                -70.6029664,-33.4636421,0
                -70.6031527,-33.4635224,0
                -70.603547,-33.4632919,0
                -70.603901,-33.463095,0
                -70.6042658,-33.4628847,0
                -70.6046333,-33.4626945,0
                -70.6049043,-33.4625691,0
                -70.605198,-33.462464,0
                -70.6055345,-33.462379,0
                -70.6056714,-33.4623454,0
                -70.6059422,-33.4623096,0
                -70.6062209,-33.4622882,0
                -70.6062504,-33.462597,0
                -70.6063257,-33.4630279,0
                -70.6064196,-33.4635381,0
                -70.6065001,-33.4640169,0
                -70.6066127,-33.4648157,0
                -70.6066717,-33.4651223,0
                -70.6067308,-33.4654959,0
                -70.6067683,-33.4659032,0
                -70.6067737,-33.4661762,0
                -70.6067683,-33.4663417,0
                -70.6067415,-33.4667557,0
                -70.606712,-33.4671472,0
                -70.6067037,-33.4674011,0
                -70.6066691,-33.4677961,0
                -70.606651,-33.4683079,0
                -70.6066416,-33.4684321,0
                -70.6066255,-33.4686503,0
                -70.6061293,-33.4686928,0
                -70.6058718,-33.4687062,0
                -70.6056183,-33.4687241,0
                -70.6054037,-33.4687375,0
                -70.6049075,-33.4687655,0
                -70.6045629,-33.4687812,0
                -70.6040264,-33.4688091,0
                -70.6033894,-33.4688449,0
                -70.6029549,-33.4688707,0
                -70.6023125,-33.468902,0
                -70.602059,-33.4689244,0
                -70.6014099,-33.4689613,0
                -70.6011243,-33.4689691,0
                -70.6004631,-33.4690027,0
                -70.6004631,-33.4688964,0
                -70.6004457,-33.4686671,0
                -70.6004095,-33.4679567,0
                -70.6003974,-33.4677184,0
                -70.6003786,-33.4672765,0
                -70.6003806,-33.4671557,0
                -70.6003679,-33.4669565,0
                -70.6003505,-33.4666858,0
                -70.6003397,-33.4664933,0
                -70.6003323,-33.4663077,0
                -70.6003156,-33.466095,0
                -70.6002981,-33.4658019,0
                -70.6002888,-33.4655077,0
                -70.6002753,-33.4652056,0
                -70.6002686,-33.46503,0
                -70.60026,-33.4646042,0
              </coordinates>
            </LinearRing>
          </outerBoundaryIs>
        </Polygon>
      </Placemark>
      <Placemark>
        <name>Guillermo Mann</name>
        <description><![CDATA[Unidad Vecinal Rosita Renard<br>Junta de Vecinos Guillermo Mann]]></description>
        <styleUrl>#poly-3949AB-1200-77</styleUrl>
        <Polygon>
          <outerBoundaryIs>
            <LinearRing>
              <tessellate>1</tessellate>
              <coordinates>
                -70.6004631,-33.4690027,0
                -70.6006964,-33.4689902,0
                -70.6011711,-33.4689667,0
                -70.6014662,-33.4689589,0
                -70.6019624,-33.4689321,0
                -70.6020898,-33.4689198,0
                -70.6025994,-33.4688896,0
                -70.6029696,-33.4688717,0
                -70.6034497,-33.4688414,0
                -70.6038976,-33.468818,0
                -70.6042946,-33.4687978,0
                -70.6048686,-33.4687643,0
                -70.6052012,-33.4687508,0
                -70.6053608,-33.4687408,0
                -70.6058275,-33.4687106,0
                -70.606085,-33.4686971,0
                -70.6063009,-33.468677,0
                -70.6066255,-33.4686503,0
                -70.6066187,-33.4688728,0
                -70.6066093,-33.4691133,0
                -70.6065946,-33.4694534,0
                -70.6065932,-33.4695138,0
                -70.6065798,-33.4698595,0
                -70.6065696,-33.4702583,0
                -70.6065476,-33.4704043,0
                -70.6065074,-33.4707679,0
                -70.6064739,-33.4710554,0
                -70.6064551,-33.4712713,0
                -70.6062258,-33.4712623,0
                -70.6057309,-33.4712444,0
                -70.6051542,-33.471221,0
                -70.6044434,-33.4711941,0
                -70.6039285,-33.4711829,0
                -70.6031707,-33.4711661,0
                -70.60281,-33.4711494,0
                -70.6023164,-33.4711236,0
                -70.6015936,-33.4710912,0
                -70.601548,-33.471042,0
                -70.6014662,-33.4709793,0
                -70.6013455,-33.4709088,0
                -70.6012731,-33.4708742,0
                -70.6012275,-33.4708742,0
                -70.6011188,-33.4708977,0
                -70.6010504,-33.4709178,0
                -70.6010169,-33.4709066,0
                -70.6009365,-33.4708775,0
                -70.6009499,-33.4708574,0
                -70.6008372,-33.470863,0
                -70.6005851,-33.4708593,0
                -70.6005542,-33.4705576,0
                -70.6005341,-33.4701839,0
                -70.600522,-33.4699982,0
                -70.6004966,-33.4695865,0
                -70.6004858,-33.4694075,0
                -70.6004631,-33.4690027,0
              </coordinates>
            </LinearRing>
          </outerBoundaryIs>
        </Polygon>
      </Placemark>
      <Placemark>
        <name>Plaza Zañartu</name>
        <description><![CDATA[Unidad Vecinal Plaza Zañartu<br>Junta de Vecinos Plaza Zañartu]]></description>
        <styleUrl>#poly-F57C00-1200-77</styleUrl>
        <Polygon>
          <outerBoundaryIs>
            <LinearRing>
              <tessellate>1</tessellate>
              <coordinates>
                -70.5986372,-33.4709663,0
                -70.5991024,-33.4709486,0
                -70.599506,-33.4709352,0
                -70.5998078,-33.470924,0
                -70.600439,-33.4708884,0
                -70.6005851,-33.4708593,0
                -70.6008372,-33.470863,0
                -70.600882,-33.4708636,0
                -70.6010504,-33.4709178,0
                -70.6010872,-33.470905,0
                -70.6012275,-33.4708742,0
                -70.6012731,-33.4708742,0
                -70.6013715,-33.4709229,0
                -70.6014662,-33.4709793,0
                -70.601548,-33.471042,0
                -70.6015936,-33.4710912,0
                -70.602152,-33.4711142,0
                -70.6025222,-33.4711343,0
                -70.6031431,-33.4711668,0
                -70.6034087,-33.4711713,0
                -70.6037855,-33.471178,0
                -70.6039183,-33.4711847,0
                -70.6046116,-33.4712037,0
                -70.6051542,-33.471221,0
                -70.6056302,-33.4712389,0
                -70.6064551,-33.4712713,0
                -70.6072503,-33.4713128,0
                -70.60824,-33.4713463,0
                -70.6092887,-33.4713888,0
                -70.6100558,-33.4714202,0
                -70.6100076,-33.4716484,0
                -70.6100022,-33.4717513,0
                -70.60997,-33.4721786,0
                -70.6099459,-33.4725747,0
                -70.6098969,-33.4734511,0
                -70.6098808,-33.4742566,0
                -70.6095053,-33.4742364,0
                -70.6076814,-33.4741425,0
                -70.6063054,-33.4740619,0
                -70.6052594,-33.4740194,0
                -70.6042938,-33.4739702,0
                -70.6027006,-33.4738852,0
                -70.6018154,-33.4738494,0
                -70.601287,-33.4738113,0
                -70.6007211,-33.4738002,0
                -70.6002544,-33.4737711,0
                -70.599439,-33.4737241,0
                -70.5987874,-33.4736735,0
                -70.5987336,-33.4729477,0
                -70.5987255,-33.4727576,0
                -70.5987175,-33.4723325,0
                -70.5986933,-33.4719141,0
                -70.5986828,-33.4715681,0
                -70.5986372,-33.4709663,0
              </coordinates>
            </LinearRing>
          </outerBoundaryIs>
        </Polygon>
      </Placemark>
      <Placemark>
        <name>Villa Olímpica</name>
        <description><![CDATA[Unidad Vecinal Villa Olímpica<br>Junta de Vecinos Villa Olímpica]]></description>
        <styleUrl>#poly-FFEA00-1200-77</styleUrl>
        <Polygon>
          <outerBoundaryIs>
            <LinearRing>
              <tessellate>1</tessellate>
              <coordinates>
                -70.6150445,-33.4616672,0
                -70.6156841,-33.4616132,0
                -70.6162366,-33.4615774,0
                -70.6173632,-33.4614968,0
                -70.6180418,-33.4614521,0
                -70.6183973,-33.4614367,0
                -70.6187391,-33.4614118,0
                -70.6191281,-33.4613872,0
                -70.62002,-33.4613092,0
                -70.6205377,-33.4612823,0
                -70.6208434,-33.4612465,0
                -70.6210231,-33.4611771,0
                -70.6212002,-33.4610675,0
                -70.6214308,-33.4608504,0
                -70.6215649,-33.4609601,0
                -70.6217393,-33.4610406,0
                -70.6219512,-33.4610675,0
                -70.6221443,-33.4610608,0
                -70.6224567,-33.4610381,0
                -70.6227344,-33.4610093,0
                -70.6233835,-33.4609757,0
                -70.6234169,-33.4611634,0
                -70.623433,-33.4612977,0
                -70.6234518,-33.4615528,0
                -70.6234518,-33.4617385,0
                -70.6234384,-33.4618392,0
                -70.6233928,-33.4620003,0
                -70.6233311,-33.4622867,0
                -70.6232801,-33.4624344,0
                -70.6231648,-33.4628058,0
                -70.6230521,-33.4632422,0
                -70.6229904,-33.4634727,0
                -70.6229261,-33.4637524,0
                -70.6228107,-33.463994,0
                -70.6226686,-33.4642894,0
                -70.6226391,-33.4643475,0
                -70.6225988,-33.4644863,0
                -70.6225586,-33.4646809,0
                -70.6223548,-33.4654417,0
                -70.6221777,-33.4661488,0
                -70.6220812,-33.4664956,0
                -70.6220852,-33.4665236,0
                -70.6219243,-33.4665012,0
                -70.6207709,-33.4663669,0
                -70.6195854,-33.4662148,0
                -70.6183247,-33.4660268,0
                -70.6175952,-33.4659373,0
                -70.6162487,-33.4657807,0
                -70.6153421,-33.4656688,0
                -70.6148657,-33.4655909,0
                -70.6149247,-33.4653023,0
                -70.6149612,-33.4647291,0
                -70.6150256,-33.4635297,0
                -70.6150793,-33.4627286,0
                -70.6150739,-33.462308,0
                -70.6150445,-33.4616672,0
              </coordinates>
            </LinearRing>
          </outerBoundaryIs>
        </Polygon>
      </Placemark>
      <Placemark>
        <name>Villa Salvador Cruz Gana</name>
        <description><![CDATA[Unidad Vecinal Villa Salvador Cruz Gana<br>Junta de Vecinos Villa Salvador Cruz Gana]]></description>
        <styleUrl>#poly-7CB342-1200-77</styleUrl>
        <Polygon>
          <outerBoundaryIs>
            <LinearRing>
              <tessellate>1</tessellate>
              <coordinates>
                -70.6148657,-33.4655909,0
                -70.6154451,-33.4656849,0
                -70.6168077,-33.465846,0
                -70.6183247,-33.4660268,0
                -70.6196401,-33.4662264,0
                -70.6208485,-33.4663752,0
                -70.6220852,-33.4665236,0
                -70.6220554,-33.4665766,0
                -70.6219616,-33.4673575,0
                -70.6219213,-33.4676842,0
                -70.6218677,-33.4681003,0
                -70.6217872,-33.4686194,0
                -70.6218208,-33.4686228,0
                -70.6211556,-33.4685825,0
                -70.6200076,-33.4685378,0
                -70.6171001,-33.4683677,0
                -70.6171644,-33.4680992,0
                -70.6165636,-33.4680231,0
                -70.6153244,-33.467871,0
                -70.6140531,-33.4677188,0
                -70.6139887,-33.4677144,0
                -70.6142945,-33.4669939,0
                -70.6145573,-33.4664614,0
                -70.6147852,-33.4659243,0
                -70.6148657,-33.4655909,0
              </coordinates>
            </LinearRing>
          </outerBoundaryIs>
        </Polygon>
      </Placemark>
      <Placemark>
        <name>Rebeca Matte</name>
        <description><![CDATA[Unidad Vecinal Villa Rebeca Matte<br>Junta de Vecinos Rebeca Matte]]></description>
        <styleUrl>#poly-0097A7-1200-77</styleUrl>
        <Polygon>
          <outerBoundaryIs>
            <LinearRing>
              <tessellate>1</tessellate>
              <coordinates>
                -70.6139887,-33.4677144,0
                -70.6145199,-33.467767,0
                -70.6151797,-33.4678542,0
                -70.6157591,-33.4679169,0
                -70.6161909,-33.467975,0
                -70.6168346,-33.4680578,0
                -70.6171644,-33.4680992,0
                -70.6171001,-33.4683677,0
                -70.6170734,-33.468521,0
                -70.6169527,-33.4690714,0
                -70.6169071,-33.4694607,0
                -70.6168883,-33.4695502,0
                -70.6167461,-33.4701409,0
                -70.6166147,-33.4707763,0
                -70.6161239,-33.4707584,0
                -70.6148739,-33.4706801,0
                -70.6146111,-33.4706779,0
                -70.6138438,-33.4706387,0
                -70.6138601,-33.4699865,0
                -70.6138681,-33.469595,0
                -70.6138976,-33.4690199,0
                -70.6139379,-33.468465,0
                -70.6139832,-33.4677456,0
                -70.6139887,-33.4677144,0
              </coordinates>
            </LinearRing>
          </outerBoundaryIs>
        </Polygon>
      </Placemark>
      <Placemark>
        <name>Exequiel González Cortés</name>
        <description><![CDATA[Unidad Vecinal Exequiel González Cortés<br>Junta de Vecinos Exequiel González Cortés]]></description>
        <styleUrl>#poly-3949AB-1200-77</styleUrl>
        <Polygon>
          <outerBoundaryIs>
            <LinearRing>
              <tessellate>1</tessellate>
              <coordinates>
                -70.6171001,-33.4683677,0
                -70.6172549,-33.4683747,0
                -70.6178329,-33.4684138,0
                -70.6186067,-33.468453,0
                -70.6190184,-33.4684798,0
                -70.6194047,-33.4685011,0
                -70.6197051,-33.468519,0
                -70.6202563,-33.4685492,0
                -70.6206653,-33.4685649,0
                -70.6208437,-33.4685705,0
                -70.6212406,-33.4685883,0
                -70.6215813,-33.4686096,0
                -70.6217872,-33.4686194,0
                -70.6217409,-33.4689855,0
                -70.6217355,-33.4691119,0
                -70.6217248,-33.4693513,0
                -70.6217167,-33.4695706,0
                -70.6216953,-33.4697317,0
                -70.6216859,-33.4700695,0
                -70.6216524,-33.470441,0
                -70.621596,-33.4709846,0
                -70.6215934,-33.4710674,0
                -70.6213707,-33.4710585,0
                -70.6210757,-33.4710406,0
                -70.620558,-33.4710182,0
                -70.6200323,-33.4709779,0
                -70.6195039,-33.4709466,0
                -70.6187744,-33.4708974,0
                -70.6183828,-33.470884,0
                -70.6179885,-33.4708705,0
                -70.6175835,-33.4708504,0
                -70.6171248,-33.4708057,0
                -70.6166147,-33.4707763,0
                -70.6167461,-33.4701409,0
                -70.6169071,-33.4694607,0
                -70.6169527,-33.4690714,0
                -70.6170068,-33.4688188,0
                -70.6171001,-33.4683677,0
              </coordinates>
            </LinearRing>
          </outerBoundaryIs>
        </Polygon>
      </Placemark>
      <Placemark>
        <name>La Portada</name>
        <description><![CDATA[Unidad Vecinal Parque San Eugenio<br>Junta de Vecinos La Portada]]></description>
        <styleUrl>#poly-F57C00-1200-77</styleUrl>
        <Polygon>
          <outerBoundaryIs>
            <LinearRing>
              <tessellate>1</tessellate>
              <coordinates>
                -70.6233835,-33.4609757,0
                -70.6242177,-33.4609131,0
                -70.6242284,-33.4609422,0
                -70.625001,-33.4615701,0
                -70.6251834,-33.4617133,0
                -70.6258458,-33.4622109,0
                -70.6277823,-33.4626003,0
                -70.6275678,-33.4633042,0
                -70.6273211,-33.464197,0
                -70.6270984,-33.4649869,0
                -70.6268544,-33.4658103,0
                -70.6266371,-33.4665129,0
                -70.6264842,-33.4670454,0
                -70.6263555,-33.4676607,0
                -70.6261677,-33.4684237,0
                -70.626106,-33.4685557,0
                -70.626047,-33.4687392,0
                -70.625929,-33.4689585,0
                -70.6257466,-33.4691218,0
                -70.6256501,-33.4692001,0
                -70.6251029,-33.469529,0
                -70.6245423,-33.4698803,0
                -70.6243492,-33.4700392,0
                -70.624199,-33.4702405,0
                -70.624089,-33.4704732,0
                -70.6240059,-33.4707193,0
                -70.6239656,-33.4711176,0
                -70.6239147,-33.4714734,0
                -70.6238074,-33.4718403,0
                -70.6235767,-33.4717172,0
                -70.6233434,-33.4715203,0
                -70.6230429,-33.4713302,0
                -70.6226567,-33.4711601,0
                -70.6223429,-33.4710997,0
                -70.6219271,-33.4710796,0
                -70.6215934,-33.4710674,0
                -70.6216026,-33.4709006,0
                -70.6216402,-33.4705985,0
                -70.621667,-33.4703077,0
                -70.6216859,-33.4700695,0
                -70.6216953,-33.4697317,0
                -70.6217167,-33.4695706,0
                -70.6217409,-33.4689855,0
                -70.6217872,-33.4686194,0
                -70.6218789,-33.4680501,0
                -70.6219486,-33.4674683,0
                -70.6219996,-33.4670656,0
                -70.6220554,-33.4665766,0
                -70.6220852,-33.4665236,0
                -70.6221203,-33.4663473,0
                -70.6222302,-33.4659423,0
                -70.6223548,-33.4654417,0
                -70.6224341,-33.4651547,0
                -70.6225119,-33.4648348,0
                -70.6225988,-33.4644863,0
                -70.6226487,-33.4643313,0
                -70.6227881,-33.4640471,0
                -70.6229261,-33.4637524,0
                -70.6229786,-33.4635549,0
                -70.6230269,-33.4633266,0
                -70.6231261,-33.4629887,0
                -70.6232012,-33.4626979,0
                -70.6233246,-33.4623107,0
                -70.623389,-33.4620422,0
                -70.6234506,-33.4617648,0
                -70.6234506,-33.4615052,0
                -70.6234238,-33.4612255,0
                -70.6233835,-33.4609757,0
              </coordinates>
            </LinearRing>
          </outerBoundaryIs>
        </Polygon>
      </Placemark>
      <Placemark>
        <name><![CDATA[Bernardo O'Higgins
]]></name>
        <description><![CDATA[Unidad Vecinal Bernardo O'Higgins<br>Junta de Vecinos Bernardo O'Higgins]]></description>
        <styleUrl>#poly-FFEA00-1200-77</styleUrl>
        <Polygon>
          <outerBoundaryIs>
            <LinearRing>
              <tessellate>1</tessellate>
              <coordinates>
                -70.6065696,-33.4702583,0
                -70.6069081,-33.4702517,0
                -70.607436,-33.4702807,0
                -70.6078174,-33.4703166,0
                -70.6083485,-33.4703412,0
                -70.6086998,-33.4703502,0
                -70.6090485,-33.4703725,0
                -70.6095367,-33.4703971,0
                -70.6101053,-33.4704285,0
                -70.6105935,-33.4704531,0
                -70.6111675,-33.4704911,0
                -70.6115162,-33.4704956,0
                -70.6120258,-33.4705202,0
                -70.6123932,-33.4705493,0
                -70.6126373,-33.4705627,0
                -70.6132998,-33.4706097,0
                -70.6137451,-33.4706343,0
                -70.6140964,-33.4706477,0
                -70.6145551,-33.4706768,0
                -70.6149306,-33.470688,0
                -70.615636,-33.4707305,0
                -70.6160679,-33.4707551,0
                -70.6166147,-33.4707763,0
                -70.6170013,-33.4707954,0
                -70.6173473,-33.4708267,0
                -70.6176477,-33.4708536,0
                -70.618337,-33.4708849,0
                -70.6187744,-33.4708974,0
                -70.6194179,-33.4709408,0
                -70.6200134,-33.4709766,0
                -70.620558,-33.4710182,0
                -70.6215934,-33.4710674,0
                -70.6223255,-33.4710975,0
                -70.6226567,-33.4711601,0
                -70.6230429,-33.4713302,0
                -70.6233259,-33.4715047,0
                -70.6235767,-33.4717172,0
                -70.6238074,-33.4718403,0
                -70.6237041,-33.4721513,0
                -70.6235834,-33.4726524,0
                -70.6234225,-33.4733729,0
                -70.6232615,-33.4739725,0
                -70.6230067,-33.4749211,0
                -70.6228753,-33.4749233,0
                -70.6225374,-33.4749189,0
                -70.6222423,-33.4748965,0
                -70.6218534,-33.4748763,0
                -70.6216549,-33.4748585,0
                -70.6212284,-33.4748294,0
                -70.6198149,-33.47476,0
                -70.6190451,-33.4747309,0
                -70.6181654,-33.4746772,0
                -70.6174117,-33.4746392,0
                -70.6166419,-33.4746079,0
                -70.6160384,-33.4745698,0
                -70.6152122,-33.4745229,0
                -70.6149547,-33.4745587,0
                -70.6144988,-33.4745877,0
                -70.6138524,-33.4745631,0
                -70.6134038,-33.4745402,0
                -70.6130618,-33.4745268,0
                -70.6119527,-33.4744664,0
                -70.6110099,-33.4744194,0
                -70.6103447,-33.474378,0
                -70.6098847,-33.4743623,0
                -70.6098808,-33.4742566,0
                -70.609882,-33.4740592,0
                -70.6098927,-33.4737046,0
                -70.6098981,-33.4734607,0
                -70.6099155,-33.4731296,0
                -70.6099249,-33.4729416,0
                -70.6099383,-33.4726731,0
                -70.6099598,-33.4724047,0
                -70.6099732,-33.4721585,0
                -70.6100041,-33.4717759,0
                -70.6100074,-33.4716277,0
                -70.6100558,-33.4714202,0
                -70.6082854,-33.471348,0
                -70.607698,-33.4713257,0
                -70.6064551,-33.4712713,0
                -70.6065696,-33.4702583,0
              </coordinates>
            </LinearRing>
          </outerBoundaryIs>
        </Polygon>
      </Placemark>
    </Folder>
    <Folder>
      <name>Líneas</name>
      <Placemark>
        <name>Línea 2</name>
        <styleUrl>#line-0288D1-1388-nodesc</styleUrl>
        <LineString>
          <tessellate>1</tessellate>
          <coordinates>
            -70.5940832,-33.4718601,0
            -70.5917963,-33.4713676,0
          </coordinates>
        </LineString>
      </Placemark>
      <Placemark>
        <name>Línea 3</name>
        <styleUrl>#line-0288D1-1388-nodesc</styleUrl>
        <LineString>
          <tessellate>1</tessellate>
          <coordinates>
            -70.6168656,-33.4577796,0
            -70.6108066,-33.4629144,0
          </coordinates>
        </LineString>
      </Placemark>
      <Placemark>
        <name>Línea 3</name>
        <styleUrl>#line-0288D1-1388-nodesc</styleUrl>
        <LineString>
          <tessellate>1</tessellate>
          <coordinates>
            -70.5949595,-33.4512104,0
            -70.592998,-33.4553719,0
          </coordinates>
        </LineString>
      </Placemark>
      <Placemark>
        <name>Línea 4</name>
        <styleUrl>#line-0288D1-1388-nodesc</styleUrl>
        <LineString>
          <tessellate>1</tessellate>
          <coordinates>
            -70.592998,-33.4553719,0
            -70.5934374,-33.4574862,0
          </coordinates>
        </LineString>
      </Placemark>
    </Folder>
  </Document>
</kml>
